-- MySQL dump 10.13  Distrib 5.6.23, for Win32 (x86)
--
-- Host: localhost    Database: discifcuba
-- ------------------------------------------------------
-- Server version	5.7.36

/*!40101 SET @OLD_CHARACTER_SET_CLIENT=@@CHARACTER_SET_CLIENT */;
/*!40101 SET @OLD_CHARACTER_SET_RESULTS=@@CHARACTER_SET_RESULTS */;
/*!40101 SET @OLD_COLLATION_CONNECTION=@@COLLATION_CONNECTION */;
/*!40101 SET NAMES utf8 */;
/*!40103 SET @OLD_TIME_ZONE=@@TIME_ZONE */;
/*!40103 SET TIME_ZONE='+00:00' */;
/*!40014 SET @OLD_UNIQUE_CHECKS=@@UNIQUE_CHECKS, UNIQUE_CHECKS=0 */;
/*!40014 SET @OLD_FOREIGN_KEY_CHECKS=@@FOREIGN_KEY_CHECKS, FOREIGN_KEY_CHECKS=0 */;
/*!40101 SET @OLD_SQL_MODE=@@SQL_MODE, SQL_MODE='NO_AUTO_VALUE_ON_ZERO' */;
/*!40111 SET @OLD_SQL_NOTES=@@SQL_NOTES, SQL_NOTES=0 */;

--
-- Table structure for table `diagnostico_medico`
--

DROP TABLE IF EXISTS `diagnostico_medico`;
/*!40101 SET @saved_cs_client     = @@character_set_client */;
/*!40101 SET character_set_client = utf8 */;
CREATE TABLE `diagnostico_medico` (
  `id` int(11) NOT NULL AUTO_INCREMENT,
  `nombre` varchar(254) COLLATE utf8_unicode_ci NOT NULL,
  PRIMARY KEY (`id`)
) ENGINE=InnoDB AUTO_INCREMENT=12 DEFAULT CHARSET=utf8 COLLATE=utf8_unicode_ci;
/*!40101 SET character_set_client = @saved_cs_client */;

--
-- Dumping data for table `diagnostico_medico`
--

LOCK TABLES `diagnostico_medico` WRITE;
/*!40000 ALTER TABLE `diagnostico_medico` DISABLE KEYS */;
INSERT INTO `diagnostico_medico` VALUES (1,'No existen condiciones médicas'),(2,'Existe una condición médica (enfermedad, trastorno, lesión) pero su naturaleza diagnóstica es  desconocida'),(3,'Hipertensión arterial '),(4,'Cardiopatía isquémica'),(5,'Enfermedad cerebrovascular'),(6,'Diabetes Mellitus '),(7,'Insuficiencia vascular periférica '),(8,'Asma'),(9,'Cáncer'),(10,'Enfermedad  renal crónica'),(11,'Otras');
/*!40000 ALTER TABLE `diagnostico_medico` ENABLE KEYS */;
UNLOCK TABLES;

--
-- Table structure for table `empleo`
--

DROP TABLE IF EXISTS `empleo`;
/*!40101 SET @saved_cs_client     = @@character_set_client */;
/*!40101 SET character_set_client = utf8 */;
CREATE TABLE `empleo` (
  `id` int(11) NOT NULL AUTO_INCREMENT,
  `nombre` varchar(100) COLLATE utf8_unicode_ci NOT NULL,
  PRIMARY KEY (`id`)
) ENGINE=InnoDB AUTO_INCREMENT=9 DEFAULT CHARSET=utf8 COLLATE=utf8_unicode_ci;
/*!40101 SET character_set_client = @saved_cs_client */;

--
-- Dumping data for table `empleo`
--

LOCK TABLES `empleo` WRITE;
/*!40000 ALTER TABLE `empleo` DISABLE KEYS */;
INSERT INTO `empleo` VALUES (1,'Trabajo asalariado'),(2,'Trabajo por cuenta propia'),(3,'Jubilado(a) '),(4,'Peritaje médico'),(5,'Desempleado(a) por problemas de salud'),(6,'Desempleado(a) por otras causas'),(7,'Buscando empleo'),(8,'Estudiante');
/*!40000 ALTER TABLE `empleo` ENABLE KEYS */;
UNLOCK TABLES;

--
-- Table structure for table `encuesta`
--

DROP TABLE IF EXISTS `encuesta`;
/*!40101 SET @saved_cs_client     = @@character_set_client */;
/*!40101 SET character_set_client = utf8 */;
CREATE TABLE `encuesta` (
  `id` int(11) NOT NULL AUTO_INCREMENT,
  `muncipio_residencia_id` int(11) DEFAULT NULL,
  `estado_civil_id` int(11) DEFAULT NULL,
  `usuario_registra_id` int(11) DEFAULT NULL,
  `fechaValoracion` date NOT NULL,
  `edad` int(11) NOT NULL,
  `aprobacion` int(11) NOT NULL,
  `persona_id` int(11) DEFAULT NULL,
  `genero` varchar(20) COLLATE utf8_unicode_ci NOT NULL,
  `policlinico_id` int(11) DEFAULT NULL,
  PRIMARY KEY (`id`),
  KEY `IDX_B25B6841D92B8B75` (`muncipio_residencia_id`),
  KEY `IDX_B25B684175376D93` (`estado_civil_id`),
  KEY `IDX_B25B6841E1318A13` (`usuario_registra_id`),
  KEY `IDX_B25B6841F5F88DB9` (`persona_id`),
  KEY `IDX_B25B68418B10A54E` (`policlinico_id`),
  CONSTRAINT `FK_B25B684175376D93` FOREIGN KEY (`estado_civil_id`) REFERENCES `estado_civil` (`id`),
  CONSTRAINT `FK_B25B68418B10A54E` FOREIGN KEY (`policlinico_id`) REFERENCES `policlinico` (`id`),
  CONSTRAINT `FK_B25B6841D92B8B75` FOREIGN KEY (`muncipio_residencia_id`) REFERENCES `municipio` (`id`),
  CONSTRAINT `FK_B25B6841E1318A13` FOREIGN KEY (`usuario_registra_id`) REFERENCES `usuario` (`id`),
  CONSTRAINT `FK_B25B6841F5F88DB9` FOREIGN KEY (`persona_id`) REFERENCES `persona` (`id`)
) ENGINE=InnoDB AUTO_INCREMENT=36 DEFAULT CHARSET=utf8 COLLATE=utf8_unicode_ci;
/*!40101 SET character_set_client = @saved_cs_client */;

--
-- Dumping data for table `encuesta`
--

LOCK TABLES `encuesta` WRITE;
/*!40000 ALTER TABLE `encuesta` DISABLE KEYS */;
INSERT INTO `encuesta` VALUES (31,24,6,1,'2022-11-09',50,1,2,'Hombre',51),(32,24,1,1,'2022-11-09',50,1,3,'Otro',51),(33,24,4,1,'2022-11-09',50,1,4,'Mujer',51),(34,25,1,1,'2022-11-10',50,1,5,'Hombre',55),(35,1,1,1,'2022-11-10',50,1,6,'Hombre',1);
/*!40000 ALTER TABLE `encuesta` ENABLE KEYS */;
UNLOCK TABLES;

--
-- Table structure for table `encuesta_diagnostico`
--

DROP TABLE IF EXISTS `encuesta_diagnostico`;
/*!40101 SET @saved_cs_client     = @@character_set_client */;
/*!40101 SET character_set_client = utf8 */;
CREATE TABLE `encuesta_diagnostico` (
  `encuesta_id` int(11) NOT NULL,
  `diagnostico_id` int(11) NOT NULL,
  PRIMARY KEY (`encuesta_id`,`diagnostico_id`),
  KEY `IDX_A39B7FF046844BA6` (`encuesta_id`),
  KEY `IDX_A39B7FF07A94BA1A` (`diagnostico_id`),
  CONSTRAINT `FK_A39B7FF046844BA6` FOREIGN KEY (`encuesta_id`) REFERENCES `encuesta` (`id`),
  CONSTRAINT `FK_A39B7FF07A94BA1A` FOREIGN KEY (`diagnostico_id`) REFERENCES `diagnostico_medico` (`id`)
) ENGINE=InnoDB DEFAULT CHARSET=utf8 COLLATE=utf8_unicode_ci;
/*!40101 SET character_set_client = @saved_cs_client */;

--
-- Dumping data for table `encuesta_diagnostico`
--

LOCK TABLES `encuesta_diagnostico` WRITE;
/*!40000 ALTER TABLE `encuesta_diagnostico` DISABLE KEYS */;
INSERT INTO `encuesta_diagnostico` VALUES (31,1),(32,1),(33,5),(33,7),(34,1),(34,5),(34,7),(35,2),(35,5);
/*!40000 ALTER TABLE `encuesta_diagnostico` ENABLE KEYS */;
UNLOCK TABLES;

--
-- Table structure for table `encuesta_empleo`
--

DROP TABLE IF EXISTS `encuesta_empleo`;
/*!40101 SET @saved_cs_client     = @@character_set_client */;
/*!40101 SET character_set_client = utf8 */;
CREATE TABLE `encuesta_empleo` (
  `encuesta_id` int(11) NOT NULL,
  `empleo_id` int(11) NOT NULL,
  PRIMARY KEY (`encuesta_id`,`empleo_id`),
  KEY `IDX_607C91F746844BA6` (`encuesta_id`),
  KEY `IDX_607C91F783DA796F` (`empleo_id`),
  CONSTRAINT `FK_607C91F746844BA6` FOREIGN KEY (`encuesta_id`) REFERENCES `encuesta` (`id`),
  CONSTRAINT `FK_607C91F783DA796F` FOREIGN KEY (`empleo_id`) REFERENCES `empleo` (`id`)
) ENGINE=InnoDB DEFAULT CHARSET=utf8 COLLATE=utf8_unicode_ci;
/*!40101 SET character_set_client = @saved_cs_client */;

--
-- Dumping data for table `encuesta_empleo`
--

LOCK TABLES `encuesta_empleo` WRITE;
/*!40000 ALTER TABLE `encuesta_empleo` DISABLE KEYS */;
INSERT INTO `encuesta_empleo` VALUES (31,1),(31,3),(32,1),(33,3),(34,1),(35,1);
/*!40000 ALTER TABLE `encuesta_empleo` ENABLE KEYS */;
UNLOCK TABLES;

--
-- Table structure for table `encuesta_entrevistador`
--

DROP TABLE IF EXISTS `encuesta_entrevistador`;
/*!40101 SET @saved_cs_client     = @@character_set_client */;
/*!40101 SET character_set_client = utf8 */;
CREATE TABLE `encuesta_entrevistador` (
  `encuesta_id` int(11) NOT NULL,
  `usuario_id` int(11) NOT NULL,
  PRIMARY KEY (`encuesta_id`,`usuario_id`),
  KEY `IDX_7FBF7A9F46844BA6` (`encuesta_id`),
  KEY `IDX_7FBF7A9FDB38439E` (`usuario_id`),
  CONSTRAINT `FK_7FBF7A9F46844BA6` FOREIGN KEY (`encuesta_id`) REFERENCES `encuesta` (`id`),
  CONSTRAINT `FK_7FBF7A9FDB38439E` FOREIGN KEY (`usuario_id`) REFERENCES `usuario` (`id`)
) ENGINE=InnoDB DEFAULT CHARSET=utf8 COLLATE=utf8_unicode_ci;
/*!40101 SET character_set_client = @saved_cs_client */;

--
-- Dumping data for table `encuesta_entrevistador`
--

LOCK TABLES `encuesta_entrevistador` WRITE;
/*!40000 ALTER TABLE `encuesta_entrevistador` DISABLE KEYS */;
INSERT INTO `encuesta_entrevistador` VALUES (31,2),(31,4),(31,5);
/*!40000 ALTER TABLE `encuesta_entrevistador` ENABLE KEYS */;
UNLOCK TABLES;

--
-- Table structure for table `encuesta_funcion`
--

DROP TABLE IF EXISTS `encuesta_funcion`;
/*!40101 SET @saved_cs_client     = @@character_set_client */;
/*!40101 SET character_set_client = utf8 */;
CREATE TABLE `encuesta_funcion` (
  `encuesta_id` int(11) NOT NULL,
  `funcion_id` int(11) NOT NULL,
  PRIMARY KEY (`encuesta_id`,`funcion_id`),
  KEY `IDX_B75E24646844BA6` (`encuesta_id`),
  KEY `IDX_B75E2468C185C36` (`funcion_id`),
  CONSTRAINT `FK_B75E24646844BA6` FOREIGN KEY (`encuesta_id`) REFERENCES `encuesta` (`id`),
  CONSTRAINT `FK_B75E2468C185C36` FOREIGN KEY (`funcion_id`) REFERENCES `funcion_afectado` (`id`)
) ENGINE=InnoDB DEFAULT CHARSET=utf8 COLLATE=utf8_unicode_ci;
/*!40101 SET character_set_client = @saved_cs_client */;

--
-- Dumping data for table `encuesta_funcion`
--

LOCK TABLES `encuesta_funcion` WRITE;
/*!40000 ALTER TABLE `encuesta_funcion` DISABLE KEYS */;
INSERT INTO `encuesta_funcion` VALUES (31,1),(32,1),(33,2),(33,3),(34,3),(34,5),(35,1),(35,5);
/*!40000 ALTER TABLE `encuesta_funcion` ENABLE KEYS */;
UNLOCK TABLES;

--
-- Table structure for table `encuesta_grado`
--

DROP TABLE IF EXISTS `encuesta_grado`;
/*!40101 SET @saved_cs_client     = @@character_set_client */;
/*!40101 SET character_set_client = utf8 */;
CREATE TABLE `encuesta_grado` (
  `encuesta_id` int(11) NOT NULL,
  `grado_id` int(11) NOT NULL,
  PRIMARY KEY (`encuesta_id`,`grado_id`),
  KEY `IDX_8427EC2E46844BA6` (`encuesta_id`),
  KEY `IDX_8427EC2E91A441CC` (`grado_id`),
  CONSTRAINT `FK_8427EC2E46844BA6` FOREIGN KEY (`encuesta_id`) REFERENCES `encuesta` (`id`),
  CONSTRAINT `FK_8427EC2E91A441CC` FOREIGN KEY (`grado_id`) REFERENCES `grado_independencia` (`id`)
) ENGINE=InnoDB DEFAULT CHARSET=utf8 COLLATE=utf8_unicode_ci;
/*!40101 SET character_set_client = @saved_cs_client */;

--
-- Dumping data for table `encuesta_grado`
--

LOCK TABLES `encuesta_grado` WRITE;
/*!40000 ALTER TABLE `encuesta_grado` DISABLE KEYS */;
INSERT INTO `encuesta_grado` VALUES (31,1),(32,1),(33,2),(33,3),(34,2),(34,3),(35,2),(35,3);
/*!40000 ALTER TABLE `encuesta_grado` ENABLE KEYS */;
UNLOCK TABLES;

--
-- Table structure for table `encuesta_pregunta`
--

DROP TABLE IF EXISTS `encuesta_pregunta`;
/*!40101 SET @saved_cs_client     = @@character_set_client */;
/*!40101 SET character_set_client = utf8 */;
CREATE TABLE `encuesta_pregunta` (
  `id` int(11) NOT NULL AUTO_INCREMENT,
  `encuesta_id` int(11) DEFAULT NULL,
  `pregunta_id` int(11) DEFAULT NULL,
  `respuesta` int(11) NOT NULL,
  `calificador` varchar(10) COLLATE utf8_unicode_ci DEFAULT NULL,
  PRIMARY KEY (`id`),
  KEY `IDX_3C1707EE46844BA6` (`encuesta_id`),
  KEY `IDX_3C1707EE31A5801E` (`pregunta_id`),
  CONSTRAINT `FK_3C1707EE31A5801E` FOREIGN KEY (`pregunta_id`) REFERENCES `pregunta` (`id`),
  CONSTRAINT `FK_3C1707EE46844BA6` FOREIGN KEY (`encuesta_id`) REFERENCES `encuesta` (`id`)
) ENGINE=InnoDB AUTO_INCREMENT=256 DEFAULT CHARSET=utf8 COLLATE=utf8_unicode_ci;
/*!40101 SET character_set_client = @saved_cs_client */;

--
-- Dumping data for table `encuesta_pregunta`
--

LOCK TABLES `encuesta_pregunta` WRITE;
/*!40000 ALTER TABLE `encuesta_pregunta` DISABLE KEYS */;
INSERT INTO `encuesta_pregunta` VALUES (1,31,1,0,'d1750'),(2,31,49,1,'d1301'),(3,31,50,2,'d1602'),(4,31,2,0,'d2100'),(5,31,3,1,'d2201'),(6,31,4,2,'d2302'),(7,31,5,1,'d3501'),(8,31,6,2,'d3602'),(9,31,7,1,'d4101'),(10,31,8,2,'d41042'),(11,31,9,3,'d4153'),(12,31,10,4,'d4204'),(13,31,11,3,'d4553'),(14,31,12,2,'d46012'),(15,31,13,1,'d46001'),(16,31,14,0,'d4650'),(17,31,15,1,'d4701'),(18,31,16,2,'d4752'),(19,31,17,3,'d4803'),(20,31,51,4,'d4504'),(21,31,18,0,'d5100'),(22,31,19,2,'d5202'),(23,31,20,3,'d5303'),(24,31,21,4,'d5404'),(25,31,22,3,'d5503'),(26,31,23,2,'d5982'),(27,31,24,0,'d6400'),(28,31,25,1,'d6501'),(29,31,52,2,'d6202'),(30,31,53,3,'d6603'),(31,31,26,0,'d7400'),(32,31,27,1,'d7101'),(33,31,28,2,'d7602'),(34,31,29,3,'d7503'),(35,31,31,4,'d7704'),(36,31,32,4,'d8204'),(37,31,33,3,'d82003'),(38,31,34,2,'d8452'),(39,31,35,1,'d8011'),(40,31,36,0,'d8780'),(41,31,37,-1,NULL),(42,31,38,0,'d8600'),(43,31,39,1,'d8701'),(44,31,41,1,'d9101'),(45,31,42,0,'d91030'),(46,31,43,1,'d92011'),(47,31,44,0,'d92040'),(48,31,45,1,'d92031'),(49,31,46,0,'d9300'),(50,31,47,1,'d92051'),(51,31,48,0,'d9200'),(52,32,1,-1,NULL),(53,32,49,-1,NULL),(54,32,50,-1,NULL),(55,32,2,-1,NULL),(56,32,3,-1,NULL),(57,32,4,-1,NULL),(58,32,5,-1,NULL),(59,32,6,-1,NULL),(60,32,7,-1,NULL),(61,32,8,-1,NULL),(62,32,9,-1,NULL),(63,32,10,-1,NULL),(64,32,11,-1,NULL),(65,32,12,-1,NULL),(66,32,13,-1,NULL),(67,32,14,-1,NULL),(68,32,15,-1,NULL),(69,32,16,-1,NULL),(70,32,17,-1,NULL),(71,32,51,-1,NULL),(72,32,18,-1,NULL),(73,32,19,-1,NULL),(74,32,20,-1,NULL),(75,32,21,-1,NULL),(76,32,22,-1,NULL),(77,32,23,-1,NULL),(78,32,24,-1,NULL),(79,32,25,-1,NULL),(80,32,52,-1,NULL),(81,32,53,-1,NULL),(82,32,26,-1,NULL),(83,32,27,-1,NULL),(84,32,28,-1,NULL),(85,32,29,-1,NULL),(86,32,31,-1,NULL),(87,32,32,-1,NULL),(88,32,33,-1,NULL),(89,32,34,-1,NULL),(90,32,35,-1,NULL),(91,32,36,-1,NULL),(92,32,37,-1,NULL),(93,32,38,-1,NULL),(94,32,39,-1,NULL),(95,32,41,-1,NULL),(96,32,42,-1,NULL),(97,32,43,-1,NULL),(98,32,44,-1,NULL),(99,32,45,-1,NULL),(100,32,46,-1,NULL),(101,32,47,-1,NULL),(102,32,48,-1,NULL),(103,33,1,-1,NULL),(104,33,49,-1,NULL),(105,33,50,-1,NULL),(106,33,2,-1,NULL),(107,33,3,-1,NULL),(108,33,4,-1,NULL),(109,33,5,-1,NULL),(110,33,6,-1,NULL),(111,33,7,-1,NULL),(112,33,8,-1,NULL),(113,33,9,-1,NULL),(114,33,10,-1,NULL),(115,33,11,-1,NULL),(116,33,12,-1,NULL),(117,33,13,-1,NULL),(118,33,14,-1,NULL),(119,33,15,-1,NULL),(120,33,16,-1,NULL),(121,33,17,-1,NULL),(122,33,51,-1,NULL),(123,33,18,-1,NULL),(124,33,19,-1,NULL),(125,33,20,-1,NULL),(126,33,21,-1,NULL),(127,33,22,-1,NULL),(128,33,23,-1,NULL),(129,33,24,-1,NULL),(130,33,25,-1,NULL),(131,33,52,-1,NULL),(132,33,53,-1,NULL),(133,33,26,-1,NULL),(134,33,27,-1,NULL),(135,33,28,-1,NULL),(136,33,29,-1,NULL),(137,33,31,-1,NULL),(138,33,32,-1,NULL),(139,33,33,-1,NULL),(140,33,34,-1,NULL),(141,33,35,-1,NULL),(142,33,36,-1,NULL),(143,33,37,-1,NULL),(144,33,38,-1,NULL),(145,33,39,-1,NULL),(146,33,41,-1,NULL),(147,33,42,-1,NULL),(148,33,43,-1,NULL),(149,33,44,-1,NULL),(150,33,45,-1,NULL),(151,33,46,-1,NULL),(152,33,47,-1,NULL),(153,33,48,-1,NULL),(154,34,1,-1,NULL),(155,34,49,-1,NULL),(156,34,50,-1,NULL),(157,34,2,-1,NULL),(158,34,3,-1,NULL),(159,34,4,-1,NULL),(160,34,5,-1,NULL),(161,34,6,-1,NULL),(162,34,7,-1,NULL),(163,34,8,-1,NULL),(164,34,9,-1,NULL),(165,34,10,-1,NULL),(166,34,11,-1,NULL),(167,34,12,-1,NULL),(168,34,13,-1,NULL),(169,34,14,-1,NULL),(170,34,15,-1,NULL),(171,34,16,-1,NULL),(172,34,17,-1,NULL),(173,34,51,-1,NULL),(174,34,18,-1,NULL),(175,34,19,-1,NULL),(176,34,20,-1,NULL),(177,34,21,-1,NULL),(178,34,22,-1,NULL),(179,34,23,-1,NULL),(180,34,24,-1,NULL),(181,34,25,-1,NULL),(182,34,52,-1,NULL),(183,34,53,-1,NULL),(184,34,26,-1,NULL),(185,34,27,-1,NULL),(186,34,28,-1,NULL),(187,34,29,-1,NULL),(188,34,31,-1,NULL),(189,34,32,-1,NULL),(190,34,33,-1,NULL),(191,34,34,-1,NULL),(192,34,35,-1,NULL),(193,34,36,-1,NULL),(194,34,37,-1,NULL),(195,34,38,-1,NULL),(196,34,39,-1,NULL),(197,34,41,-1,NULL),(198,34,42,-1,NULL),(199,34,43,-1,NULL),(200,34,44,-1,NULL),(201,34,45,-1,NULL),(202,34,46,-1,NULL),(203,34,47,-1,NULL),(204,34,48,-1,NULL),(205,35,1,-1,NULL),(206,35,49,-1,NULL),(207,35,50,-1,NULL),(208,35,2,-1,NULL),(209,35,3,-1,NULL),(210,35,4,-1,NULL),(211,35,5,-1,NULL),(212,35,6,-1,NULL),(213,35,7,-1,NULL),(214,35,8,-1,NULL),(215,35,9,-1,NULL),(216,35,10,-1,NULL),(217,35,11,-1,NULL),(218,35,12,-1,NULL),(219,35,13,-1,NULL),(220,35,14,-1,NULL),(221,35,15,-1,NULL),(222,35,16,-1,NULL),(223,35,17,-1,NULL),(224,35,51,-1,NULL),(225,35,18,-1,NULL),(226,35,19,-1,NULL),(227,35,20,-1,NULL),(228,35,21,-1,NULL),(229,35,22,-1,NULL),(230,35,23,-1,NULL),(231,35,24,-1,NULL),(232,35,25,-1,NULL),(233,35,52,-1,NULL),(234,35,53,-1,NULL),(235,35,26,-1,NULL),(236,35,27,-1,NULL),(237,35,28,-1,NULL),(238,35,29,-1,NULL),(239,35,31,-1,NULL),(240,35,32,-1,NULL),(241,35,33,-1,NULL),(242,35,34,-1,NULL),(243,35,35,-1,NULL),(244,35,36,-1,NULL),(245,35,37,-1,NULL),(246,35,38,-1,NULL),(247,35,39,-1,NULL),(248,35,41,-1,NULL),(249,35,42,-1,NULL),(250,35,43,-1,NULL),(251,35,44,-1,NULL),(252,35,45,-1,NULL),(253,35,46,-1,NULL),(254,35,47,-1,NULL),(255,35,48,-1,NULL);
/*!40000 ALTER TABLE `encuesta_pregunta` ENABLE KEYS */;
UNLOCK TABLES;

--
-- Table structure for table `encuesta_riesgo`
--

DROP TABLE IF EXISTS `encuesta_riesgo`;
/*!40101 SET @saved_cs_client     = @@character_set_client */;
/*!40101 SET character_set_client = utf8 */;
CREATE TABLE `encuesta_riesgo` (
  `encuesta_id` int(11) NOT NULL,
  `riesgo_id` int(11) NOT NULL,
  PRIMARY KEY (`encuesta_id`,`riesgo_id`),
  KEY `IDX_C9A4247646844BA6` (`encuesta_id`),
  KEY `IDX_C9A424767297086A` (`riesgo_id`),
  CONSTRAINT `FK_C9A4247646844BA6` FOREIGN KEY (`encuesta_id`) REFERENCES `encuesta` (`id`),
  CONSTRAINT `FK_C9A424767297086A` FOREIGN KEY (`riesgo_id`) REFERENCES `factor_riesgo` (`id`)
) ENGINE=InnoDB DEFAULT CHARSET=utf8 COLLATE=utf8_unicode_ci;
/*!40101 SET character_set_client = @saved_cs_client */;

--
-- Dumping data for table `encuesta_riesgo`
--

LOCK TABLES `encuesta_riesgo` WRITE;
/*!40000 ALTER TABLE `encuesta_riesgo` DISABLE KEYS */;
INSERT INTO `encuesta_riesgo` VALUES (31,1),(32,1),(33,2),(33,4),(33,5),(34,1),(34,5),(34,6),(35,1),(35,4);
/*!40000 ALTER TABLE `encuesta_riesgo` ENABLE KEYS */;
UNLOCK TABLES;

--
-- Table structure for table `encuesta_sistema`
--

DROP TABLE IF EXISTS `encuesta_sistema`;
/*!40101 SET @saved_cs_client     = @@character_set_client */;
/*!40101 SET character_set_client = utf8 */;
CREATE TABLE `encuesta_sistema` (
  `encuesta_id` int(11) NOT NULL,
  `sistema_id` int(11) NOT NULL,
  PRIMARY KEY (`encuesta_id`,`sistema_id`),
  KEY `IDX_B4AA29AD46844BA6` (`encuesta_id`),
  KEY `IDX_B4AA29AD17CDA208` (`sistema_id`),
  CONSTRAINT `FK_B4AA29AD17CDA208` FOREIGN KEY (`sistema_id`) REFERENCES `sistema_afectado` (`id`),
  CONSTRAINT `FK_B4AA29AD46844BA6` FOREIGN KEY (`encuesta_id`) REFERENCES `encuesta` (`id`)
) ENGINE=InnoDB DEFAULT CHARSET=utf8 COLLATE=utf8_unicode_ci;
/*!40101 SET character_set_client = @saved_cs_client */;

--
-- Dumping data for table `encuesta_sistema`
--

LOCK TABLES `encuesta_sistema` WRITE;
/*!40000 ALTER TABLE `encuesta_sistema` DISABLE KEYS */;
INSERT INTO `encuesta_sistema` VALUES (31,1),(32,1),(33,3),(33,5),(34,3),(34,6),(35,3),(35,5);
/*!40000 ALTER TABLE `encuesta_sistema` ENABLE KEYS */;
UNLOCK TABLES;

--
-- Table structure for table `estado_civil`
--

DROP TABLE IF EXISTS `estado_civil`;
/*!40101 SET @saved_cs_client     = @@character_set_client */;
/*!40101 SET character_set_client = utf8 */;
CREATE TABLE `estado_civil` (
  `id` int(11) NOT NULL AUTO_INCREMENT,
  `nombre` varchar(100) COLLATE utf8_unicode_ci NOT NULL,
  PRIMARY KEY (`id`)
) ENGINE=InnoDB AUTO_INCREMENT=8 DEFAULT CHARSET=utf8 COLLATE=utf8_unicode_ci;
/*!40101 SET character_set_client = @saved_cs_client */;

--
-- Dumping data for table `estado_civil`
--

LOCK TABLES `estado_civil` WRITE;
/*!40000 ALTER TABLE `estado_civil` DISABLE KEYS */;
INSERT INTO `estado_civil` VALUES (1,'Casado(a)'),(2,'Unido(a)'),(3,'Divorciado(a) '),(4,'Separado(a)'),(5,'Viudo(a)'),(6,'Soltero(a)'),(7,'Ignorado(a)');
/*!40000 ALTER TABLE `estado_civil` ENABLE KEYS */;
UNLOCK TABLES;

--
-- Table structure for table `factor_riesgo`
--

DROP TABLE IF EXISTS `factor_riesgo`;
/*!40101 SET @saved_cs_client     = @@character_set_client */;
/*!40101 SET character_set_client = utf8 */;
CREATE TABLE `factor_riesgo` (
  `id` int(11) NOT NULL AUTO_INCREMENT,
  `nombre` varchar(100) COLLATE utf8_unicode_ci NOT NULL,
  PRIMARY KEY (`id`)
) ENGINE=InnoDB AUTO_INCREMENT=8 DEFAULT CHARSET=utf8 COLLATE=utf8_unicode_ci;
/*!40101 SET character_set_client = @saved_cs_client */;

--
-- Dumping data for table `factor_riesgo`
--

LOCK TABLES `factor_riesgo` WRITE;
/*!40000 ALTER TABLE `factor_riesgo` DISABLE KEYS */;
INSERT INTO `factor_riesgo` VALUES (1,'No existen factores de riesgo'),(2,'Obesidad'),(3,'Sedentarismo'),(4,'Consumo de bebidas alcohólicas'),(5,'Tabaquismo'),(6,'Hipercolesterolemia'),(7,'Consumo de droga');
/*!40000 ALTER TABLE `factor_riesgo` ENABLE KEYS */;
UNLOCK TABLES;

--
-- Table structure for table `funcion_afectado`
--

DROP TABLE IF EXISTS `funcion_afectado`;
/*!40101 SET @saved_cs_client     = @@character_set_client */;
/*!40101 SET character_set_client = utf8 */;
CREATE TABLE `funcion_afectado` (
  `id` int(11) NOT NULL AUTO_INCREMENT,
  `nombre` varchar(100) COLLATE utf8_unicode_ci NOT NULL,
  PRIMARY KEY (`id`)
) ENGINE=InnoDB AUTO_INCREMENT=8 DEFAULT CHARSET=utf8 COLLATE=utf8_unicode_ci;
/*!40101 SET character_set_client = @saved_cs_client */;

--
-- Dumping data for table `funcion_afectado`
--

LOCK TABLES `funcion_afectado` WRITE;
/*!40000 ALTER TABLE `funcion_afectado` DISABLE KEYS */;
INSERT INTO `funcion_afectado` VALUES (1,'No existen funciones afectadas'),(2,'Audición'),(3,'Visión'),(4,'Habla'),(5,'Tacto'),(6,'Marcha'),(7,'Funciones cognitivas');
/*!40000 ALTER TABLE `funcion_afectado` ENABLE KEYS */;
UNLOCK TABLES;

--
-- Table structure for table `grado_independencia`
--

DROP TABLE IF EXISTS `grado_independencia`;
/*!40101 SET @saved_cs_client     = @@character_set_client */;
/*!40101 SET character_set_client = utf8 */;
CREATE TABLE `grado_independencia` (
  `id` int(11) NOT NULL AUTO_INCREMENT,
  `nombre` varchar(100) COLLATE utf8_unicode_ci NOT NULL,
  PRIMARY KEY (`id`)
) ENGINE=InnoDB AUTO_INCREMENT=4 DEFAULT CHARSET=utf8 COLLATE=utf8_unicode_ci;
/*!40101 SET character_set_client = @saved_cs_client */;

--
-- Dumping data for table `grado_independencia`
--

LOCK TABLES `grado_independencia` WRITE;
/*!40000 ALTER TABLE `grado_independencia` DISABLE KEYS */;
INSERT INTO `grado_independencia` VALUES (1,'Independiente'),(2,'Necesita ayuda'),(3,'Institucionalizado(a) ');
/*!40000 ALTER TABLE `grado_independencia` ENABLE KEYS */;
UNLOCK TABLES;

--
-- Table structure for table `municipio`
--

DROP TABLE IF EXISTS `municipio`;
/*!40101 SET @saved_cs_client     = @@character_set_client */;
/*!40101 SET character_set_client = utf8 */;
CREATE TABLE `municipio` (
  `id` int(11) NOT NULL AUTO_INCREMENT,
  `provincia_id` int(11) DEFAULT NULL,
  `codigo` varchar(20) COLLATE utf8_unicode_ci NOT NULL,
  `nombre` varchar(100) COLLATE utf8_unicode_ci NOT NULL,
  PRIMARY KEY (`id`),
  UNIQUE KEY `UNIQ_FE98F5E020332D99` (`codigo`),
  KEY `IDX_FE98F5E04E7121AF` (`provincia_id`),
  CONSTRAINT `FK_FE98F5E04E7121AF` FOREIGN KEY (`provincia_id`) REFERENCES `provincia` (`id`)
) ENGINE=InnoDB AUTO_INCREMENT=169 DEFAULT CHARSET=utf8 COLLATE=utf8_unicode_ci;
/*!40101 SET character_set_client = @saved_cs_client */;

--
-- Dumping data for table `municipio`
--

LOCK TABLES `municipio` WRITE;
/*!40000 ALTER TABLE `municipio` DISABLE KEYS */;
INSERT INTO `municipio` VALUES (1,1,'2101','SANDINO'),(2,1,'2102','MANTUA'),(3,1,'2103','MINAS DE MATAHAMBRE'),(4,1,'2104','VINALES'),(5,1,'2105','LA PALMA'),(6,1,'2106','LOS PALACIOS'),(7,1,'2107','CONSOLACION DEL SUR'),(8,1,'2108','PINAR DEL RIO'),(9,1,'2109','SAN LUIS'),(10,1,'2110','SAN JUAN Y MARTINEZ'),(11,1,'2111','GUANE'),(12,2,'2201','BAHIA HONDA'),(13,2,'2202','MARIEL'),(14,2,'2203','GUANAJAY'),(15,2,'2204','CAIMITO'),(16,2,'2205','BAUTA'),(17,2,'2206','SAN ANTONIO DE LOS BANOS'),(18,2,'2207','GUIRA DE MELENA'),(19,2,'2208','ALQUIZAR'),(20,2,'2209','ARTEMISA'),(21,2,'2210','CANDELARIA'),(22,2,'2211','SAN CRISTOBAL'),(23,3,'2301','PLAYA'),(24,3,'2302','PLAZA DE LA REVOLUCION'),(25,3,'2303','CENTRO HABANA'),(26,3,'2304','LA HABANA VIEJA'),(27,3,'2305','REGLA'),(28,3,'2306','LA HABANA DEL ESTE'),(29,3,'2307','GUANABACOA'),(30,3,'2308','SAN MIGUEL DEL PADRON'),(31,3,'2309','DIEZ DE OCTUBRE'),(32,3,'2310','CERRO'),(33,3,'2311','MARIANAO'),(34,3,'2312','LA LISA'),(35,3,'2313','BOYEROS'),(36,3,'2314','ARROYO NARANJO'),(37,3,'2315','COTORRO'),(38,4,'2401','BEJUCAL'),(39,4,'2402','SAN JOSE DE LAS LAJAS'),(40,4,'2403','JARUCO'),(41,4,'2404','SANTA CRUZ DEL NORTE'),(42,4,'2405','MADRUGA'),(43,4,'2406','NUEVA PAZ'),(44,4,'2407','SAN NICOLAS'),(45,4,'2408','GUINES'),(46,4,'2409','MELENA DEL SUR'),(47,4,'2410','BATABANO'),(48,4,'2411','QUIVICAN'),(49,5,'2501','MATANZAS'),(50,5,'2502','CARDENAS'),(51,5,'2503','MARTI'),(52,5,'2504','COLON'),(53,5,'2505','PERICO'),(54,5,'2506','JOVELLANOS'),(55,5,'2507','PEDRO BETANCOURT'),(56,5,'2508','LIMONAR'),(57,5,'2509','UNION DE REYES'),(58,5,'2510','CIENAGA DE ZAPATA'),(59,5,'2511','JAGUEY GRANDE'),(60,5,'2512','CALIMETE'),(61,5,'2513','LOS ARABOS'),(62,6,'2601','CORRALILLO'),(63,6,'2602','QUEMADO DE GUINES'),(64,6,'2603','SAGUA LA GRANDE'),(65,6,'2604','ENCRUCIJADA'),(66,6,'2605','CAMAJUANI'),(67,6,'2606','CAIBARIEN'),(68,6,'2607','REMEDIOS'),(69,6,'2608','PLACETAS'),(70,6,'2609','SANTA CLARA'),(71,6,'2610','CIFUENTES'),(72,6,'2611','SANTO DOMINGO'),(73,6,'2612','RANCHUELO'),(74,6,'2613','MANICARAGUA'),(75,7,'2701','AGUADA DE PASAJEROS'),(76,7,'2702','RODAS'),(77,7,'2703','PALMIRA'),(78,7,'2704','LAJAS'),(79,7,'2705','CRUCES'),(80,7,'2706','CUMANAYAGUA'),(81,7,'2707','CIENFUEGOS'),(82,7,'2708','ABREUS'),(83,8,'2801','YAGUAJAY'),(84,8,'2802','JATIBONICO'),(85,8,'2803','TAGUASCO'),(86,8,'2804','CABAIGUAN'),(87,8,'2805','FOMENTO'),(88,8,'2806','TRINIDAD'),(89,8,'2807','SANCTI SPIRITUS'),(90,8,'2808','LA SIERPE'),(91,9,'2901','CHAMBAS'),(92,9,'2902','MORON'),(93,9,'2903','BOLIVIA'),(94,9,'2904','PRIMERO DE ENERO'),(95,9,'2905','CIRO REDONDO'),(96,9,'2906','FLORENCIA'),(97,9,'2907','MAJAGUA'),(98,9,'2908','CIEGO DE AVILA'),(99,9,'2909','VENEZUELA'),(100,9,'2910','BARAGUA'),(101,10,'3001','CARLOS MANUEL DE CESPEDES'),(102,10,'3002','ESMERALDA'),(103,10,'3003','SIERRA DE CUBITAS'),(104,10,'3004','MINAS'),(105,10,'3005','NUEVITAS'),(106,10,'3006','GUAIMARO'),(107,10,'3007','SIBANICU'),(108,10,'3008','CAMAGUEY'),(109,10,'3009','FLORIDA'),(110,10,'3010','VERTIENTES'),(111,10,'3011','JIMAGUAYU'),(112,10,'3012','NAJASA'),(113,10,'3013','SANTA CRUZ DEL SUR'),(114,11,'3101','MANATI'),(115,11,'3102','PUERTO PADRE'),(116,11,'3103','JESUS MENENDEZ'),(117,11,'3104','MAJIBACOA'),(118,11,'3105','LAS TUNAS'),(119,11,'3106','JOBABO'),(120,11,'3107','COLOMBIA'),(121,11,'3108','AMANCIO'),(122,12,'3201','GIBARA'),(123,12,'3202','RAFAEL FREYRE'),(124,12,'3203','BANES'),(125,12,'3204','ANTILLA'),(126,12,'3205','BAGUANOS'),(127,12,'3206','HOLGUIN'),(128,12,'3207','CALIXTO GARCIA'),(129,12,'3208','CACOCUM'),(130,12,'3209','URBANO NORIS'),(131,12,'3210','CUETO'),(132,12,'3211','MAYARI'),(133,12,'3212','FRANK PAIS'),(134,12,'3213','SAGUA DE TANAMO'),(135,12,'3214','MOA'),(136,13,'3301','RIO CAUTO'),(137,13,'3302','CAUTO CRISTO'),(138,13,'3303','JIGUANI'),(139,13,'3304','BAYAMO'),(140,13,'3305','YARA'),(141,13,'3306','MANZANILLO'),(142,13,'3307','CAMPECHUELA'),(143,13,'3308','MEDIA LUNA'),(144,13,'3309','NIQUERO'),(145,13,'3310','PILON'),(146,13,'3311','BARTOLOME MASO'),(147,13,'3312','BUEY ARRIBA'),(148,13,'3313','GUISA'),(149,14,'3401','CONTRAMAESTRE'),(150,14,'3402','MELLA'),(151,14,'3403','SAN LUIS'),(152,14,'3404','SEGUNDO FRENTE'),(153,14,'3405','SONGO - LA MAYA'),(154,14,'3406','SANTIAGO DE CUBA'),(155,14,'3407','PALMA SORIANO'),(156,14,'3408','TERCER FRENTE'),(157,14,'3409','GUAMA'),(158,15,'3501','EL SALVADOR'),(159,15,'3502','MANUEL TAMES'),(160,15,'3503','YATERAS'),(161,15,'3504','BARACOA'),(162,15,'3505','MAISI'),(163,15,'3506','IMIAS'),(164,15,'3507','SAN ANTONIO DEL SUR'),(165,15,'3508','CAIMANERA'),(166,15,'3509','GUANTANAMO'),(167,15,'3510','NICETO PEREZ'),(168,16,'4001','ISLA DE LA JUVENTUD');
/*!40000 ALTER TABLE `municipio` ENABLE KEYS */;
UNLOCK TABLES;

--
-- Table structure for table `nivel_acceso`
--

DROP TABLE IF EXISTS `nivel_acceso`;
/*!40101 SET @saved_cs_client     = @@character_set_client */;
/*!40101 SET character_set_client = utf8 */;
CREATE TABLE `nivel_acceso` (
  `id` int(11) NOT NULL AUTO_INCREMENT,
  `nivel` varchar(20) COLLATE utf8_unicode_ci NOT NULL,
  PRIMARY KEY (`id`),
  UNIQUE KEY `UNIQ_8DFF1AE2AAFC20CB` (`nivel`)
) ENGINE=InnoDB AUTO_INCREMENT=5 DEFAULT CHARSET=utf8 COLLATE=utf8_unicode_ci;
/*!40101 SET character_set_client = @saved_cs_client */;

--
-- Dumping data for table `nivel_acceso`
--

LOCK TABLES `nivel_acceso` WRITE;
/*!40000 ALTER TABLE `nivel_acceso` DISABLE KEYS */;
INSERT INTO `nivel_acceso` VALUES (2,'municipal'),(4,'nacional'),(3,'provincial'),(1,'unidad');
/*!40000 ALTER TABLE `nivel_acceso` ENABLE KEYS */;
UNLOCK TABLES;

--
-- Table structure for table `notificacion`
--

DROP TABLE IF EXISTS `notificacion`;
/*!40101 SET @saved_cs_client     = @@character_set_client */;
/*!40101 SET character_set_client = utf8 */;
CREATE TABLE `notificacion` (
  `id` int(11) NOT NULL AUTO_INCREMENT,
  `rol_id` int(11) DEFAULT NULL,
  `nivel_id` int(11) DEFAULT NULL,
  `encuesta_id` int(11) DEFAULT NULL,
  `estado` tinyint(1) NOT NULL,
  `descripcion` varchar(200) COLLATE utf8_unicode_ci NOT NULL,
  PRIMARY KEY (`id`),
  KEY `IDX_729A19EC4BAB96C` (`rol_id`),
  KEY `IDX_729A19ECDA3426AE` (`nivel_id`),
  KEY `IDX_729A19EC46844BA6` (`encuesta_id`),
  CONSTRAINT `FK_729A19EC46844BA6` FOREIGN KEY (`encuesta_id`) REFERENCES `encuesta` (`id`),
  CONSTRAINT `FK_729A19EC4BAB96C` FOREIGN KEY (`rol_id`) REFERENCES `role` (`id`),
  CONSTRAINT `FK_729A19ECDA3426AE` FOREIGN KEY (`nivel_id`) REFERENCES `nivel_acceso` (`id`)
) ENGINE=InnoDB AUTO_INCREMENT=6 DEFAULT CHARSET=utf8 COLLATE=utf8_unicode_ci;
/*!40101 SET character_set_client = @saved_cs_client */;

--
-- Dumping data for table `notificacion`
--

LOCK TABLES `notificacion` WRITE;
/*!40000 ALTER TABLE `notificacion` DISABLE KEYS */;
INSERT INTO `notificacion` VALUES (1,4,1,31,1,'Pendiente a aprobación'),(2,4,1,32,1,'Pendiente a aprobación'),(3,4,1,33,1,'Pendiente a aprobación'),(4,4,1,34,1,'Pendiente a aprobación'),(5,4,1,35,1,'Pendiente a aprobación');
/*!40000 ALTER TABLE `notificacion` ENABLE KEYS */;
UNLOCK TABLES;

--
-- Table structure for table `persona`
--

DROP TABLE IF EXISTS `persona`;
/*!40101 SET @saved_cs_client     = @@character_set_client */;
/*!40101 SET character_set_client = utf8 */;
CREATE TABLE `persona` (
  `id` int(11) NOT NULL AUTO_INCREMENT,
  `carnetIdentidad` varchar(11) COLLATE utf8_unicode_ci NOT NULL,
  `nombre` varchar(100) COLLATE utf8_unicode_ci NOT NULL,
  `primerApellido` varchar(100) COLLATE utf8_unicode_ci NOT NULL,
  `segundoApellido` varchar(100) COLLATE utf8_unicode_ci NOT NULL,
  `nombreCompleto` varchar(254) COLLATE utf8_unicode_ci NOT NULL,
  `sexo` varchar(20) COLLATE utf8_unicode_ci NOT NULL,
  `fechaNacimiento` date NOT NULL,
  PRIMARY KEY (`id`),
  UNIQUE KEY `UNIQ_51E5B69BAED35FCB` (`carnetIdentidad`)
) ENGINE=InnoDB AUTO_INCREMENT=7 DEFAULT CHARSET=utf8 COLLATE=utf8_unicode_ci;
/*!40101 SET character_set_client = @saved_cs_client */;

--
-- Dumping data for table `persona`
--

LOCK TABLES `persona` WRITE;
/*!40000 ALTER TABLE `persona` DISABLE KEYS */;
INSERT INTO `persona` VALUES (2,'72061011026','ALAIN','HERNANDEZ','ORTIZ','ALAIN HERNANDEZ ORTIZ','Masculino','1972-06-10'),(3,'72061011027','ROBERTO','SAN MARCOS','DIAZ','ROBERTO SAN MARCOS DIAZ','Masculino','1972-06-10'),(4,'72061011031','YAMILA','CONCEPCIóN','RAMíREZ','YAMILA CONCEPCIóN RAMíREZ','Femenino','1972-06-10'),(5,'72061011028','ROLANDO','CASTILLO','GARCIA','ROLANDO CASTILLO GARCIA','Masculino','1972-06-10'),(6,'72061011029','RAUL','DELGADO','MOMPIE','RAUL DELGADO MOMPIE','Masculino','1972-06-10');
/*!40000 ALTER TABLE `persona` ENABLE KEYS */;
UNLOCK TABLES;

--
-- Table structure for table `policlinico`
--

DROP TABLE IF EXISTS `policlinico`;
/*!40101 SET @saved_cs_client     = @@character_set_client */;
/*!40101 SET character_set_client = utf8 */;
CREATE TABLE `policlinico` (
  `id` int(11) NOT NULL AUTO_INCREMENT,
  `municipio_id` int(11) DEFAULT NULL,
  `separador` varchar(1) COLLATE utf8_unicode_ci NOT NULL,
  `tipoUnidad` int(11) NOT NULL,
  `codigoUnidad` varchar(4) COLLATE utf8_unicode_ci DEFAULT NULL,
  `codigoUnidadFull` varchar(10) COLLATE utf8_unicode_ci DEFAULT NULL,
  `nombre` varchar(200) COLLATE utf8_unicode_ci NOT NULL,
  PRIMARY KEY (`id`),
  KEY `IDX_9ED2CD9558BC1BE0` (`municipio_id`),
  CONSTRAINT `FK_9ED2CD9558BC1BE0` FOREIGN KEY (`municipio_id`) REFERENCES `municipio` (`id`)
) ENGINE=InnoDB AUTO_INCREMENT=451 DEFAULT CHARSET=utf8 COLLATE=utf8_unicode_ci;
/*!40101 SET character_set_client = @saved_cs_client */;

--
-- Dumping data for table `policlinico`
--

LOCK TABLES `policlinico` WRITE;
/*!40000 ALTER TABLE `policlinico` DISABLE KEYS */;
INSERT INTO `policlinico` VALUES (1,1,'-',14,'001','210114-001','Ernesto Guevara de la Serna'),(2,1,'-',14,'002','210114-002','Juan Navarro Lopetigui'),(3,2,'-',14,'003','210214-003','Juan Bruno Zayas'),(4,3,'-',14,'004','210314-004','José Elías Borges'),(5,3,'-',14,'005','210314-005','Enrique Camalleri Mena'),(6,3,'-',14,'006','210314-006','Ramón González Coro'),(7,4,'-',14,'007','210414-007','Fermín Valdés Domínguez'),(8,5,'-',14,'008','210514-008','Pedro Borras Astorga'),(9,6,'-',14,'009','210614-009','Elena Fernández Castro'),(10,6,'-',14,'010','210614-010','Isabel Rubio Díaz'),(11,7,'-',14,'011','210714-011','1ro de Enero'),(12,81,'-',14,'012','270714-012','5 de Septiembre'),(13,8,'-',14,'013','210814-013','Luis Turcios Lima'),(14,8,'-',14,'014','210814-014','Pedro Borras Astorga'),(15,8,'-',14,'015','210814-015','Pedro Raúl Sánchez Rodríguez '),(16,8,'-',14,'016','210814-016','Hermanos Cruz'),(17,9,'-',14,'017','210914-017','Epifanio Rojas Gil '),(18,10,'-',14,'018','211014-018','Modesto Gómez Rubio'),(19,11,'-',14,'019','211114-019','Manuel Fajardo Rivero '),(20,12,'-',14,'020','220114-020','Manuel Gonzales Diaz'),(21,12,'-',14,'021','220114-021','Pablo Torriente Brau'),(22,13,'-',14,'022','220214-022','Orlando Santana Valdés'),(23,13,'-',14,'023','220214-023','Jose Trujillo Rodríguez'),(24,14,'-',14,'024','220314-024','Eduardo Diaz Ortega'),(25,15,'-',14,'025','220414-025','Flores Betancourt Rodríguez'),(26,15,'-',14,'026','220414-026','Miguel Perera Ortega'),(27,16,'-',14,'027','220514-027','Pedro Esperón Álvarez'),(28,16,'-',14,'028','220514-028','Playa Baracoa'),(29,17,'-',14,'029','220614-029','José Hipólito Pazos Caballero'),(30,17,'-',14,'030','220614-030','Felipe Ismael Rodríguez Ramos'),(31,18,'-',14,'031','220714-031','José Manuel Seguí Jiménez '),(32,19,'-',14,'032','220814-032','Gabriel Cubria Puig'),(33,20,'-',14,'033','220914-033','Tomas Romay  Chacón'),(34,20,'-',14,'034','220914-034','Adrien Sansaricq'),(35,20,'-',14,'035','220914-035','27 de Noviembre'),(36,21,'-',14,'036','221014-036','Gilberto Marquetti Arostegui'),(37,22,'-',14,'037','221114-037','Camilo Cienfuegos Gorriarán '),(38,22,'-',14,'038','221114-038','Santa Cruz de los Pinos'),(39,23,'-',14,'039','230114-039','Isidro de Armas Rodriguez (*)'),(40,23,'-',14,'040','230114-040','Jorge Ruiz Ramírez'),(41,23,'-',14,'041','230114-041','Manuel  Fajardo Rivero '),(42,23,'-',14,'042','230114-042','26 de Julio (*)'),(43,23,'-',14,'043','230114-043','1ro de Enero'),(44,23,'-',14,'044','230114-044','5 de Septiembre (*)'),(45,23,'-',14,'045','230114-045','Docente Playa (*)'),(46,23,'-',14,'046','230114-046','28 de Enero'),(47,23,'-',14,'047','230114-047','Ana Betancourt Agramonte'),(48,24,'-',14,'048','230214-048','Plaza de la Revolución'),(49,24,'-',14,'049','230214-049','Vedado (15 y 18) (*)'),(50,24,'-',14,'050','230214-050','Mártires del Corinthia'),(51,24,'-',14,'051','230214-051','Héroes del Moncada'),(52,24,'-',14,'052','230214-052','Rampa'),(53,24,'-',14,'053','230214-053','Puentes Grandes'),(54,24,'-',14,'054','230214-054','19 de Abril (*)'),(55,25,'-',14,'055','230314-055','Nguyen Van Troi (*)'),(56,25,'-',14,'056','230314-056','Marcio Manduley Murillo'),(57,25,'-',14,'057','230314-057','Reina'),(58,25,'-',14,'058','230314-058','Joaquín Albarrán y Domínguez (*)'),(59,25,'-',14,'059','230314-059','Luis Galván Soca (*)'),(60,26,'-',14,'060','230414-060','Diego Tamayo Figueredo (*)'),(61,27,'-',14,'061','230514-061','Robert Manuel Zulueta Cayol (*)'),(62,26,'-',14,'062','230414-062','Tomás Romay y Chacón (*)'),(63,26,'-',14,'063','230414-063','Antonio Guiteras Holmes (*)'),(64,26,'-',14,'064','230414-064','Ángel Arturo Aballí Arellano'),(65,27,'-',14,'065','230514-065','Lidya y Clodomira (*)'),(66,28,'-',14,'066','230614-066','Camilo Cienfuegos Gorriarán (*)'),(67,28,'-',14,'067','230614-067','Mario Muñoz Monroy (*) '),(68,28,'-',14,'068','230614-068','Campo Florido (*)'),(69,28,'-',14,'069','230614-069','Mario Escalona Reguera (*)'),(70,28,'-',14,'070','230614-070','Gregorio Valdez Cruz (*) '),(71,28,'-',14,'071','230614-071','Wilfredo Santana Rivas (*)'),(72,28,'-',14,'072','230614-072','13 de Marzo (*)'),(73,28,'-',14,'073','230614-073','Enrique de los A Betancourt Nenínger (*)'),(74,29,'-',14,'074','230714-074','Andrés Ortiz Junco (*)'),(75,29,'-',14,'075','230714-075','Angel Machaco Amejeiras (*)'),(76,29,'-',14,'076','230714-076','Julio Antonio Mella McPartland (*)'),(77,30,'-',14,'077','230814-077','Luis Carbó Servia '),(78,30,'-',14,'078','230814-078','Bernardo Posse Orta (*)'),(79,30,'-',14,'079','230814-079','California (*)'),(80,30,'-',14,'080','230814-080','Hermanos Ruiz Aboy (*)'),(81,30,'-',14,'081','230814-081','Wilfredo Pérez Pérez (*)'),(82,30,'-',14,'082','230814-082','Reynaldo Pi Mirabal (*)'),(83,31,'-',14,'083','230914-083','Louis Pasteur'),(84,31,'-',14,'084','230914-084','Luyanó (*)'),(85,31,'-',14,'085','230914-085','Lawton'),(86,31,'-',14,'086','230914-086','Luis Augusto Turcios Lima (*)'),(87,31,'-',14,'087','230914-087','Luis de la Puente Uceda'),(88,31,'-',14,'088','230914-088','Raúl Gómez García '),(89,31,'-',14,'089','230914-089','30 de Noviembre (*)'),(90,31,'-',14,'090','230914-090','14 de Junio (*)'),(91,32,'-',14,'091','231014-091','Cerro'),(92,32,'-',14,'092','231014-092','Héroes de Girón (*)'),(93,32,'-',14,'093','231014-093','Abel Santamaría Cuadrado (*)'),(94,32,'-',14,'094','231014-094','Antonio Maceo Grajales (*)'),(95,33,'-',14,'095','231114-095','Carlos Juan Finlay Barre (*)'),(96,33,'-',14,'096','231114-096','Ramón González Coro'),(97,33,'-',14,'097','231114-097','27 de Noviembre (*)'),(98,33,'-',14,'098','231114-098','Carlos Manuel Portuondo Lombart (*)'),(99,34,'-',14,'099','231214-099','Aleida Fernández Chardiet (*)'),(100,34,'-',14,'100','231214-100','Antonio Pulido Humarán (*)'),(101,34,'-',14,'101','231214-101','Pedro Fonseca Álvarez (*)'),(102,34,'-',14,'102','231214-102','Elpidio Berovides Pérez (*)'),(103,34,'-',14,'103','231214-103','Cristóbal Labra Pérez (*)'),(104,34,'-',14,'450','231214-450','Ernesto Guevara de la Serna (*)'),(105,35,'-',14,'104','231314-104','Boyeros'),(106,35,'-',14,'105','231314-105','Mártires de Calabazar (*)'),(107,35,'-',14,'106','231314-106','Mario Muñoz Monroy (*)'),(108,35,'-',14,'107','231314-107','René Bedia Morales (*)'),(109,35,'-',14,'108','231314-108','Federico Capdevila Miñano'),(110,35,'-',14,'109','231314-109','Victoria Cuba-Angola (*)'),(111,35,'-',14,'110','231314-110','Salvador Allende Gossens (*)'),(112,36,'-',14,'111','231414-111','Los Pinos'),(113,36,'-',14,'112','231414-112','Mantilla (*)'),(114,36,'-',14,'113','231414-113','Fernando Alvarez Pérez (*)'),(115,36,'-',14,'114','231414-114','Julián Grimau García (*)'),(116,36,'-',14,'115','231414-115','Párraga (*)'),(117,36,'-',14,'116','231414-116','Managua (*)'),(118,36,'-',14,'117','231414-117','Mayor José Antonio Céspedes Argote (*)'),(119,37,'-',14,'118','231514-118','Efraín Mayor Amaro '),(120,37,'-',14,'119','231514-119','Cuatro Caminos (*)'),(121,37,'-',14,'120','231514-120','Rafael Valdés Menéndez (*)'),(122,38,'-',14,'121','240114-121','Rosa Elena Simeon Negrin'),(123,39,'-',14,'122','240214-122','Santiago Rafael Echezarreta Mulkay'),(124,39,'-',14,'123','240214-123','Luis Augusto Turcios Lima'),(125,39,'-',14,'124','240214-124','9 de abril'),(126,39,'-',14,'125','240214-125','Reinaldo Garcia Pérez'),(127,40,'-',14,'126','240314-126','Noelio Capote Figueroa'),(128,41,'-',14,'127','240414-127','Alberto Fernandez Valdez'),(129,41,'-',14,'128','240414-128','Julio Ruffin Hoyos'),(130,42,'-',14,'129','240514-129','Maria Emilia Alfonso Orta'),(131,42,'-',14,'130','240514-130','Dionisio Sáenz García'),(132,43,'-',14,'131','240614-131','Felipe Poey Aloy'),(133,43,'-',14,'132','240614-132','Humberto Castello Aldanás'),(134,44,'-',14,'133','240714-133','Emilia de Córdova Rubio'),(135,45,'-',14,'134','240814-134','Luis Lee Trugent'),(136,45,'-',14,'135','240814-135','Marta Martinez Figueras'),(137,45,'-',14,'136','240814-136','Osvaldo Sanchez Cabrera'),(138,46,'-',14,'137','240914-137','Raúl Curras Regalado'),(139,47,'-',14,'138','241014-138','Pascuala Restituta Rojas'),(140,48,'-',14,'139','241114-139','Pablo Noriega Chernicharo'),(141,48,'-',14,'140','241114-140','Dr. Vicente Iglesias Fernández'),(142,49,'-',14,'141','250114-141','José Luis Dubrocq Sardiñas '),(143,49,'-',14,'142','250114-142','José Jacinto  Milanés (con extensión Ceiba Mocha)'),(144,49,'-',14,'143','250114-143','Reynold García García '),(145,49,'-',14,'144','250114-144','Carlos Verdugo Martínez '),(146,49,'-',14,'145','250114-145','Samuel Fernández Álvarez (con Extensión Guanábana)'),(147,50,'-',14,'146','250214-146','José Antonio Echeverría Bianchi'),(148,50,'-',14,'147','250214-147','Manuel Fajardo Rivero'),(149,50,'-',14,'148','250214-148','Héroes del Moncada'),(150,50,'-',14,'149','250214-149','Humberto Alvarez  Abreu'),(151,50,'-',14,'150','250214-150','Ramón Martínez Ramírez '),(152,51,'-',14,'151','250314-151','Marcos Martí Rodriguez '),(153,52,'-',14,'152','250414-152','Francisco Figueroa Veliz '),(154,52,'-',14,'153','250414-153','Carlos Juan Finlay Barré '),(155,53,'-',14,'154','250514-154','XXX Aniversario (con extensión Máximo Gómez) '),(156,54,'-',14,'155','250614-155','René Vallejo Ortiz '),(157,54,'-',14,'156','250614-156','Pedro Pablo Rivera Cue (con extensión C Rojas)'),(158,55,'-',14,'157','250714-157','Cesáreo Sánchez  Gómez '),(159,55,'-',14,'158','250714-158','Félix Rivero Vasallo'),(160,56,'-',14,'159','250814-159','Nelson Fernández Oliva '),(161,57,'-',14,'160','250914-160','José Machado Rodríguez '),(162,57,'-',14,'161','250914-161','Andrés Casalla Perera '),(163,57,'-',14,'162','250914-162','Octavio de la Concepción y de la Pedraja '),(164,58,'-',14,'163','251014-163','Celia Sánchez Manduley '),(165,59,'-',14,'164','251114-164','7 de Diciembre '),(166,59,'-',14,'165','251114-165','Wilfredo Diaz Rodríguez'),(167,59,'-',14,'166','251114-166','Antonio Guiteras Holmes'),(168,60,'-',14,'167','251214-167','Tamara Bunke Bider (con extensión Manguito y Amarillas)'),(169,61,'-',14,'168','251314-168','Juan Gualberto Gómez'),(170,62,'-',14,'169','260114-169','\"Mártires 11 Abril\"'),(171,62,'-',14,'170','260114-170','\"Mártires 10 Abril\"'),(172,63,'-',14,'171','260214-171','\"Mártires 8 Abril\"'),(173,64,'-',14,'172','260314-172','Idalberto Revuelta Diaz'),(174,64,'-',14,'173','260314-173','Mario Alberto Pérez Mollinedo'),(175,65,'-',14,'174','260414-174','Abel Santamaría Cuadrado'),(176,65,'-',14,'175','260414-175','Gregorio Pedroso'),(177,66,'-',14,'176','260514-176','Octavio de la Concepción y de la Pedraja'),(178,66,'-',14,'177','260514-177','Manuel  Fajardo Rivero'),(179,67,'-',14,'178','260614-178','Leandro Fabián Figueroa González'),(180,67,'-',14,'179','260614-179','Pablo Agüero Guedes'),(181,68,'-',14,'180','260714-180','XXX Aniversario'),(182,68,'-',14,'181','260714-181','Camilo Cienfuegos Gorriarán '),(183,68,'-',14,'182','260714-182','Felino Rodríguez Delgado'),(184,69,'-',14,'183','260814-183','Área Norte'),(185,69,'-',14,'184','260814-184','Área Sur'),(186,69,'-',14,'185','260814-185','Julio Pino Machado'),(187,69,'-',14,'186','260814-186','Falcón'),(188,70,'-',14,'187','260914-187','Santa Clara'),(189,70,'-',14,'188','260914-188','Agustín “Chiqui” Gómez Lubián Urioste'),(190,70,'-',14,'189','260914-189','José Ramón León Acosta'),(191,70,'-',14,'190','260914-190','Cap. Roberto Fleites González'),(192,70,'-',14,'191','260914-191','Marta de los Ángeles González Abreu y Arencibia'),(193,70,'-',14,'192','260914-192','XX Aniversario'),(194,71,'-',14,'193','261014-193','Juan Bruno Zayas Alfonso'),(195,71,'-',14,'194','261014-194','Ana Betancourt Agramonte'),(196,72,'-',14,'195','261114-195','Manuel Fajardo Rivero'),(197,72,'-',14,'196','261114-196','Manacas '),(198,72,'-',14,'197','261114-197','Nguyen Van Troy'),(199,73,'-',14,'198','261214-198','Juan Bruno Contreras Fowler'),(200,73,'-',14,'199','261214-199','Mario Muñoz Monroy'),(201,73,'-',14,'200','261214-200','San Juan de los Yeras'),(202,74,'-',14,'201','261314-201','\"50 Aniversario\"'),(203,74,'-',14,'202','261314-202','Andrés Chongo Contreras'),(204,74,'-',14,'203','261314-203','Humberto Peralta Echemendía'),(205,74,'-',14,'204','261314-204','Paula María Pérez Morales'),(206,74,'-',14,'205','261314-205','La Campana'),(207,75,'-',14,'206','270114-206','Miguel Alipio de León'),(208,75,'-',14,'207','270114-207','Antonio Sánchez Gómez'),(209,76,'-',14,'208','270214-208','Raúl Suárez Martínez '),(210,76,'-',14,'209','270214-209','Reynaldo Naranjo Leyva de Cartagena'),(211,77,'-',14,'210','270314-210','Manuel Piti Fajardo Rivero'),(212,77,'-',14,'211','270314-211','Francisco del Sol Díaz'),(213,41,'-',14,'212','240414-212','Enrique Barnet Roque de Escobar'),(214,79,'-',14,'213','270514-213','Manuel Piti Fajardo Rivero '),(215,80,'-',14,'214','270614-214','Aracelio Rodríguez Castellón'),(216,80,'-',14,'215','270614-215','San Blas'),(217,81,'-',14,'216','270714-216','Cecilio Ruiz de Zarate '),(218,81,'-',14,'217','270714-217','José Luis Chaviano Chávez'),(219,81,'-',14,'218','270714-218','Octavio de la Concepción y la Pedraja'),(220,81,'-',14,'219','270714-219','Ernesto Che Guevara de la Serna'),(221,81,'-',14,'220','270714-220','Manuel Piti Fajardo Rivero '),(222,81,'-',14,'221','270714-221','CEN (Ciudad nuclear)'),(223,81,'-',14,'222','270714-222','Luis Pérez Lozano '),(224,81,'-',14,'223','270714-223','Favio Di Celmo'),(225,82,'-',14,'224','270814-224','Mario Muñoz Monrroy'),(226,82,'-',14,'225','270814-225','Tomás Romay Chacón'),(227,83,'-',14,'226','280114-226','Camilo Cienfuegos Gorriarán '),(228,83,'-',14,'227','280114-227','Mayajigua'),(229,83,'-',14,'228','280114-228','Meneses'),(230,83,'-',14,'229','280114-229','Mario Muñoz Monroy'),(231,84,'-',14,'230','280214-230','Antonio Avilas Valdivia'),(232,84,'-',14,'231','280214-231','Arselio Suárez Bernal'),(233,85,'-',14,'232','280314-232','Jorge Luiz Ramírez'),(234,85,'-',14,'233','280314-233','Dr. Faustino Pérez Hernández'),(235,86,'-',14,'234','280414-234','Dr. Faustino Pérez Hernández'),(236,86,'-',14,'235','280414-235','Ramón Balboa Monzón'),(237,86,'-',14,'236','280414-236','Carlos J Finlay Barrés'),(238,87,'-',14,'237','280514-237','Miguel Ángel Montesino Rodríguez'),(239,88,'-',14,'238','280614-238','Jesús Lara Cantero'),(240,88,'-',14,'239','280614-239','Celia Sánchez Manduley'),(241,88,'-',14,'240','280614-240','Condado'),(242,88,'-',14,'241','280614-241','Caracusey'),(243,89,'-',14,'242','280714-242','Juan Latinan Aguilar'),(244,89,'-',14,'243','280714-243','Área Centro'),(245,89,'-',14,'244','280714-244','Juan Martín Puentes'),(246,89,'-',14,'245','280714-245','Rudesindo Garcia del Rijo'),(247,89,'-',14,'246','280714-246','Camilo Cienfuegos  Gorriarán'),(248,89,'-',14,'247','280714-247','Los Olivos'),(249,90,'-',14,'248','280814-248','Rosa Elena Simeón Negrín'),(250,91,'-',14,'249','290114-249','Julio Castillo Álvarez'),(251,91,'-',14,'250','290114-250','Camilo Cienfuegos Gorriaran'),(252,91,'-',14,'251','290114-251','Máximo Gómez Baéz'),(253,92,'-',14,'252','290214-252','Diego del Rosario Padilla'),(254,92,'-',14,'253','290214-253','Área Sur'),(255,93,'-',14,'254','290314-254','Rafael Pérez González'),(256,94,'-',14,'255','290414-255','José Agustín Más Naranjo'),(257,95,'-',14,'256','290514-256','Raúl Ortiz Ávila'),(258,96,'-',14,'257','290614-257','Mario Hernández Pedraza'),(259,96,'-',14,'258','290614-258','Ernesto Ché Guevara de la Serna'),(260,97,'-',14,'259','290714-259','Doña Emilia González Echemendía'),(261,98,'-',14,'260','290814-260','Área Norte'),(262,98,'-',14,'261','290814-261','Área Sur'),(263,98,'-',14,'262','290814-262','Antonio Maceo Grajales '),(264,98,'-',14,'263','290814-263','Belkis Sotomayor Álvarez'),(265,98,'-',14,'264','290814-264','Ceballos'),(266,99,'-',14,'265','290914-265','Juan Olimpio Valcarcel'),(267,100,'-',14,'266','291014-266','Baraguá'),(268,100,'-',14,'267','291014-267','Mario Paéz Inchausti'),(269,101,'-',14,'268','300114-268','Teniente Tomás Rojas Rodriguez'),(270,102,'-',14,'269','300214-269','Benito Viñales La Rosa'),(271,102,'-',14,'270','300214-270','Narciso Pérez Gross'),(272,103,'-',14,'271','300314-271','13 de marzo'),(273,104,'-',14,'272','300414-272','Arturo Puig Ruiz de Villa'),(274,104,'-',14,'273','300414-273','Noel Fernández Pérez de Minas'),(275,104,'-',14,'274','300414-274','Angel Antonio Pacheco'),(276,105,'-',14,'275','300514-275','Francisco Peña Peña'),(277,105,'-',14,'276','300514-276','X Aniversario'),(278,106,'-',14,'277','300614-277','Victoria de Girón'),(279,106,'-',14,'278','300614-278','Nguyen Van Troi'),(280,107,'-',14,'279','300714-279','Manuel Antonio de Varona Loredo'),(281,108,'-',14,'280','300814-280','Rodolfo Ramírez Esquivel'),(282,108,'-',14,'281','300814-281','Área Este'),(283,108,'-',14,'282','300814-282','José Martí Pérez'),(284,108,'-',14,'283','300814-283','Joaquín de Agüero y Agüero'),(285,108,'-',14,'284','300814-284','Gertrudis Aguilera Céspedes (Tula Aguilera)'),(286,108,'-',14,'285','300814-285','Ignacio Agramonte Garrido'),(287,108,'-',14,'286','300814-286','Previsora'),(288,108,'-',14,'287','300814-287','Julio Antonio Mella Mc Partland'),(289,108,'-',14,'288','300814-288','Carlos J Finlay Barrés'),(290,109,'-',14,'289','300914-289','Concepción Agramonte de Sánchez Boza'),(291,109,'-',14,'290','300914-290','Norte'),(292,110,'-',14,'291','301014-291','Mario Muñoz Monroy'),(293,110,'-',14,'292','301014-292','Batalla de las Guásimas'),(294,111,'-',14,'293','301114-293','Henry Mike Reeve Carroll'),(295,112,'-',14,'294','301214-294','Rosa Castellanos Castellanos'),(296,113,'-',14,'295','301314-295','Ernesto Che Guevara de la Serna'),(297,113,'-',14,'296','301314-296','Cándido González Morales'),(298,113,'-',14,'297','301314-297','Haití'),(299,113,'-',14,'298','301314-298','Oscar Primelles Cisneros'),(300,114,'-',14,'299','310114-299','Mártires de Manatí '),(301,115,'-',14,'300','310214-300','Romarico Oro Peña '),(302,115,'-',14,'301','310214-301','Eusebio Rafael Izquierdo Ramírez'),(303,115,'-',14,'302','310214-302','28 de Septiembre'),(304,116,'-',14,'303','310314-303','Mario Pozo Ochoa (SALGACERO)'),(305,117,'-',14,'304','310414-304','7 de Noviembre'),(306,118,'-',14,'305','310514-305','Aquiles Espinosa Salgado'),(307,118,'-',14,'306','310514-306','Guillermo Tejas Silva '),(308,118,'-',14,'307','310514-307','Gustavo Aldereguia Lima '),(309,118,'-',14,'308','310514-308','Manuel “Piti” Fajardo Rivero'),(310,118,'-',14,'309','310514-309','Alberto Arcos Luques'),(311,119,'-',14,'310','310614-310','14 de Junio'),(312,120,'-',14,'311','310714-311','Francisco Camaño Deño'),(313,121,'-',14,'312','310814-312','Luis Aldana Palomino'),(314,122,'-',14,'313','320114-313','José Martí Pérez '),(315,114,'-',14,'314','310114-314','José Ávila Serrano'),(316,123,'-',14,'315','320214-315','Mario Muñoz Monrroy'),(317,123,'-',14,'316','320214-316','Fray Benito'),(318,124,'-',14,'317','320314-317','Darío Calzadilla Angulo'),(319,124,'-',14,'319','320314-319','Agustín González Montes de Oca'),(320,124,'-',14,'320','320314-320','Juan Manuel Ricardo García'),(321,124,'-',14,'321','320314-321','César Fornet Fruto'),(322,125,'-',14,'318','320414-318','Juan George Soto Cuesta'),(323,125,'-',14,'322','320414-322','27 de Noviembre Rene Ramos Latour'),(324,126,'-',14,'323','320514-323','Rolando Ricardo Estrada'),(325,126,'-',14,'324','320514-324','Julio Antonio Mella  Mc Partland'),(326,127,'-',14,'325','320614-325','René Ávila Reyes'),(327,127,'-',14,'326','320614-326','San Andrés'),(328,127,'-',14,'327','320614-327','Máximo Gómez Báez'),(329,127,'-',14,'328','320614-328','Julio Grave de Peralta Zayas Bazán'),(330,127,'-',14,'329','320614-329','Alex Urquiola Marrero'),(331,127,'-',14,'330','320614-330','Manuel Díaz Legrá'),(332,127,'-',14,'331','320614-331','Mario Gutiérrez Ardaya'),(333,127,'-',14,'332','320614-332','Alcides Pino Bermúdez'),(334,127,'-',14,'333','320614-333','Pedro del Toro Saad'),(335,127,'-',14,'334','320614-334','Pedro Díaz Coello'),(336,128,'-',14,'335','320714-335','Buenaventura'),(337,128,'-',14,'336','320714-336','Ernesto Guevara de la Serna'),(338,128,'-',14,'337','320714-337','Vista Hermosa'),(339,128,'-',14,'338','320714-338','San Agustín'),(340,129,'-',14,'339','320814-339','Rubén Batista Rubio'),(341,129,'-',14,'340','320814-340','Antonio Maceo Grajales'),(342,129,'-',14,'341','320814-341','Cristino Naranjo Vázquez'),(343,130,'-',14,'342','320914-342','Manuel Fajardo Rivero'),(344,131,'-',14,'343','321014-343','Mayor Jorge Luis Estevanel Diaz Cueto'),(345,131,'-',14,'344','321014-344','Juan Manuel Márquez Rodríguez'),(346,132,'-',14,'345','321114-345','26 de Julio'),(347,132,'-',14,'346','321114-346','Roberto Escudero Diaz'),(348,132,'-',14,'347','321114-347','8 de noviembre (Guaro)'),(349,132,'-',14,'348','321114-348','Levisa'),(350,133,'-',14,'349','321214-349','Frank País García'),(351,133,'-',14,'350','321214-350','Rafael Maceo Matos'),(352,134,'-',14,'351','321314-351','Jorge Fernández Alderí'),(353,134,'-',14,'352','321314-352','Hermanos Carbó Serbia'),(354,135,'-',14,'353','321414-353','Rolando Monterrey Caballero'),(355,135,'-',14,'354','321414-354','Juan Manuel Páez Inchauski'),(356,136,'-',14,'355','330114-355','Máximo Gómez Báez'),(357,136,'-',14,'356','330114-356','Camilo Cienfuegos Gorriaran'),(358,136,'-',14,'357','330114-357','Ernesto Guevara de la Serna'),(359,137,'-',14,'358','330214-358','Joel Benítez Borges'),(360,138,'-',14,'359','330314-359','Ulises Góngora Valera'),(361,138,'-',14,'360','330314-360','David Moreno Domínguez'),(362,138,'-',14,'361','330314-361','Edor de los Reyes Martínez Áreas'),(363,139,'-',14,'362','330414-362','13 de Marzo'),(364,139,'-',14,'363','330414-363','Bayamo Oeste'),(365,139,'-',14,'364','330414-364','Pedro Sotto Alba'),(366,139,'-',14,'365','330414-365','René Vallejo Ortiz'),(367,139,'-',14,'366','330414-366','Jimmy Hirzel  (Santiago Liberato Hirzel González)'),(368,140,'-',14,'367','330514-367','Luis Enrique de la Paz Reina'),(369,140,'-',14,'368','330514-368','Ramón Heredia Humpierre de Veguitas'),(370,141,'-',14,'369','330614-369','Francisca Rivero Arocha'),(371,141,'-',14,'370','330614-370','Dr Ángel Ortiz Vázquez'),(372,141,'-',14,'371','330614-371','Dr René Vallejo Ortiz'),(373,141,'-',14,'372','330614-372','Luis Enrique de la Paz Reina'),(374,141,'-',14,'373','330614-373','Hermanos Labrada'),(375,142,'-',14,'374','330714-374','Gustavo Aldereguia Lima'),(376,142,'-',14,'375','330714-375','Victor Cortina Aruz'),(377,142,'-',14,'376','330714-376','Genaro Brito Vargas'),(378,143,'-',14,'377','330814-377','Raúl Podio Saborit'),(379,144,'-',14,'378','330914-378','Ernesto Guevara de la Serna'),(380,145,'-',14,'379','331014-379','Manuel Sánchez Silveira'),(381,146,'-',14,'380','331114-380','Bartolomé Masó Márquez'),(382,147,'-',14,'381','331214-381','Faustino Pérez Hernández'),(383,148,'-',14,'382','331314-382','Guillermo González Polanco'),(384,149,'-',14,'383','340114-383','Baire'),(385,149,'-',14,'384','340114-384','América I'),(386,149,'-',14,'385','340114-385','América II'),(387,150,'-',14,'386','340214-386','Baraguá'),(388,150,'-',14,'387','340214-387','Néstor López Cuba'),(389,151,'-',14,'388','340314-388','Alberto Fernández Montes de Oca'),(390,151,'-',14,'389','340314-389','Carlos Manuel Ramírez Corría'),(391,151,'-',14,'390','340314-390','Eliseo Reyes Rodriguez'),(392,151,'-',14,'391','340314-391','Luis Carrión Pérez'),(393,151,'-',14,'392','340314-392','José Merceron Allen'),(394,152,'-',14,'393','340414-393','Eduardo Mesa Llull'),(395,153,'-',14,'394','340514-394','Carlos J Finlay Barrés'),(396,153,'-',14,'395','340514-395','Porfirio Valiente Del Monte'),(397,153,'-',14,'396','340514-396','Reynaldo Brooks Bravo'),(398,153,'-',14,'397','340514-397','Reynaldo Chiang Vargas'),(399,154,'-',14,'398','340614-398','Josué País Garcia'),(400,154,'-',14,'399','340614-399','Mario Muñoz Monrroy '),(401,154,'-',14,'400','340614-400','28 de Septiembre'),(402,154,'-',14,'401','340614-401','30 de Noviembre'),(403,154,'-',14,'402','340614-402','Armando García Menocal'),(404,154,'-',14,'403','340614-403','Camilo Torres Restrepo'),(405,154,'-',14,'404','340614-404','Carlos J Finlay Barrés'),(406,154,'-',14,'405','340614-405','El Cristo'),(407,154,'-',14,'406','340614-406','Ernesto Guevara de la Serna'),(408,154,'-',14,'407','340614-407','Frank País García'),(409,154,'-',14,'408','340614-408','Joaquin Barrientos Barroso'),(410,154,'-',14,'409','340614-409','José Martí Pérez'),(411,154,'-',14,'410','340614-410','Julián Grimau García'),(412,154,'-',14,'411','340614-411','Luis Ramírez López '),(413,154,'-',14,'412','340614-412','Rolando Espinal (municipal)'),(414,154,'-',14,'413','340614-413','Ramón López Peña'),(415,154,'-',14,'414','340614-414','XX Aniversario '),(416,155,'-',14,'415','340714-415','Carlos René Montalbán Carnero (Sur)'),(417,155,'-',14,'416','340714-416','Oscar Alberto Ortega (Norte)'),(418,155,'-',14,'417','340714-417','Rafael Pantoja Ruíz (Dos Palmas)'),(419,155,'-',14,'418','340714-418','Ramiro Betancourt (Dos Ríos)'),(420,155,'-',14,'419','340714-419','Victoria de Girón'),(421,156,'-',14,'423','340814-423','Cruce de los Baños'),(422,156,'-',14,'424','340814-424','Esteban Caballero Estrada'),(423,157,'-',14,'420','340914-420','Aserradero'),(424,157,'-',14,'421','340914-421','Uvero'),(425,157,'-',14,'422','340914-422','Giraldo Aponte Fonseca'),(426,158,'-',14,'425','350114-425','Francisco Castro Ceruto'),(427,158,'-',14,'426','350114-426','Rafael Teope Fonseca'),(428,158,'-',14,'427','350114-427','Rolando Pérez Quintosa'),(429,158,'-',14,'428','350114-428','Manuel Regojo Vera'),(430,159,'-',14,'429','350214-429','Mártires de Jamaica'),(431,159,'-',14,'430','350214-430','Manuel Simón Tames Guerra'),(432,160,'-',14,'431','350314-431','Fausto Favier Favier'),(433,160,'-',14,'432','350314-432','Aurelio Martínez Mejías'),(434,161,'-',14,'433','350414-433','Hermanos Martínez Tamayo'),(435,161,'-',14,'434','350414-434','Fermín Valdés Domínguez'),(436,161,'-',14,'435','350414-435','Modesto Grimón Cardosa'),(437,162,'-',14,'436','350514-436','Patricio Sierra Alta'),(438,163,'-',14,'437','350614-437','Ciro Frías Cabrera'),(439,164,'-',14,'438','350714-438','Félix Lugerio Pena Díaz'),(440,164,'-',14,'439','350714-439','IV Congreso'),(441,165,'-',14,'440','350814-440','Ramón López Peña'),(442,166,'-',14,'441','350914-441','Emilio Dauninot Bueno'),(443,166,'-',14,'442','350914-442','Asdrúbal López Vázquez'),(444,166,'-',14,'443','350914-443','Omar Ranedo Pubillones'),(445,166,'-',14,'444','350914-444','Mártires 4 de Agosto'),(446,166,'-',14,'445','350914-445','Mártires 4 de Abril'),(447,167,'-',14,'446','351014-446','Gilberto Isalgué González'),(448,168,'-',14,'447','400114-447','Juan Manuel Páez Inchauski'),(449,168,'-',14,'448','400114-448','Leonilda Tamayo Matos'),(450,168,'-',14,'449','400114-449','Orestes Falls Oñate');
/*!40000 ALTER TABLE `policlinico` ENABLE KEYS */;
UNLOCK TABLES;

--
-- Table structure for table `pregunta`
--

DROP TABLE IF EXISTS `pregunta`;
/*!40101 SET @saved_cs_client     = @@character_set_client */;
/*!40101 SET character_set_client = utf8 */;
CREATE TABLE `pregunta` (
  `id` int(11) NOT NULL AUTO_INCREMENT,
  `tipo_dominio_id` int(11) DEFAULT NULL,
  `codigo` varchar(10) COLLATE utf8_unicode_ci NOT NULL,
  `nombre` varchar(254) COLLATE utf8_unicode_ci NOT NULL,
  PRIMARY KEY (`id`),
  UNIQUE KEY `IDX__UNIQUETUPLA01` (`codigo`,`nombre`),
  KEY `IDX_AEE0E1F72083BC1C` (`tipo_dominio_id`),
  CONSTRAINT `FK_AEE0E1F72083BC1C` FOREIGN KEY (`tipo_dominio_id`) REFERENCES `tipo_dominio` (`id`)
) ENGINE=InnoDB AUTO_INCREMENT=54 DEFAULT CHARSET=utf8 COLLATE=utf8_unicode_ci;
/*!40101 SET character_set_client = @saved_cs_client */;

--
-- Dumping data for table `pregunta`
--

LOCK TABLES `pregunta` WRITE;
/*!40000 ALTER TABLE `pregunta` DISABLE KEYS */;
INSERT INTO `pregunta` VALUES (1,1,'d175','Elaborar respuestas y dar soluciones'),(2,2,'d210','Concentrarse en tareas sencillas'),(3,2,'d220','Recordar las tareas pendientes'),(4,2,'d230','Comprender órdenes'),(5,3,'d350','Mantener una conversación'),(6,3,'d360','Utilizar dispositivos o técnicas de comunicación'),(7,4,'d410','Cambiar las posturas corporales básicas'),(8,4,'d4104','Incorporarse'),(9,4,'d415','Mantenerse de pie por largos periodos (30 minutos)'),(10,4,'d420','Realizar movimientos'),(11,4,'d455','Desplazarse por el entorno'),(12,4,'d4601','Desplazarse en el aula, patios de recreos  o  áreas físicas de la escuela (aceras, rampas o ascensores)'),(13,4,'d4600','Desplazarse dentro del hogar'),(14,4,'d465','Desplazarse utilizando algún tipo de equipo o producto de apoyo si lo necesita (ejemplo, una silla de ruedas, un caminador o unas muletas)'),(15,4,'d470','Desplazarse utilizando medios de transporte público o privado como pasajero'),(16,4,'d475','Desplazarse utilizando medios de transporte como conductor.'),(17,4,'d480','Desplazarse con apoyo de animales'),(18,5,'d510','Bañarse'),(19,5,'d520','Peinarse'),(20,5,'d530','Orinar y defecar'),(21,5,'d540','Vestirse'),(22,5,'d550','Alimentarse'),(23,5,'d598','Aseo'),(24,6,'d640','Realizar las labores del hogar'),(25,6,'d650','Realizar actividades manuales'),(26,7,'d740','Tener relaciones sociales formales(con el profesor, jefe y subordinados)'),(27,7,'d710','Relaciones básicas  con otras personas '),(28,7,'d760','Tener buena relación familiar(padre-hijo, otros familiares)'),(29,7,'d750','Tener relaciones sociales informales(con amigos, vecinos, compañeros de trabajo y nivel cultural igual)'),(31,7,'d770','Tener relaciones de pareja sexual'),(32,8,'d820','Realizar actividad escolar'),(33,8,'d8200','Cumplir con su trabajo o actividades escolares (tareas, discusiones en grupo, exámenes) '),(34,8,'d845','Realiza actividad laboral '),(35,8,'d801','Tener ayuda socioeconómica del estado(asistencia social)'),(36,8,'d878','Suficiente economía básica por ayuda externa(familiar en el exterior)'),(37,8,'d859','Combinar las actividades'),(38,8,'d860','Transacciones económicas básicas'),(39,8,'d870','Tener suficiente economía básica por medios propios'),(41,9,'d910','Participa en las actividades familiares(salir de compras, comer en un restaurante)'),(42,9,'d9103','Participa en las asociaciones sociales formales e informales de la comunidad.'),(43,9,'d9201','Participar en eventos deportivos'),(44,9,'d9204','Participa en pasatiempos, coleccionar sellos, monedas, antigüedades y fotografías.'),(45,9,'d9203','Realiza manualidades: cerámica, tejer, trabajar con madera.'),(46,9,'d930','Participa en reuniones espirituales(iglesias, casas de culto)'),(47,9,'d9205','Visita a sus amigos'),(48,9,'d920','Asiste  como espectador al cine, teatro, fiestas, actividades deportivas, desfiles, viajes de turismo.'),(49,1,'d130','Concentrarse en actividades escolares o académicas(interrelaciones sociales, comunicación)'),(50,1,'d160','Demandas cognitivas de las actividades escolares o académicas(concentración, atención, resolución de problemas)'),(51,4,'d450','Andar'),(52,6,'d620','Adquirir materiales en el hogar (materiales para manualidades, lectura, aparatos electrodomésticos)'),(53,6,'d660','Contar con suficiente tiempo para fomentar la participación de su hijo en actividades del hogar ');
/*!40000 ALTER TABLE `pregunta` ENABLE KEYS */;
UNLOCK TABLES;

--
-- Table structure for table `profesion`
--

DROP TABLE IF EXISTS `profesion`;
/*!40101 SET @saved_cs_client     = @@character_set_client */;
/*!40101 SET character_set_client = utf8 */;
CREATE TABLE `profesion` (
  `id` int(11) NOT NULL AUTO_INCREMENT,
  `nombre` varchar(150) COLLATE utf8_unicode_ci NOT NULL,
  PRIMARY KEY (`id`),
  UNIQUE KEY `UNIQ_7CBDAD0A3A909126` (`nombre`)
) ENGINE=InnoDB AUTO_INCREMENT=3 DEFAULT CHARSET=utf8 COLLATE=utf8_unicode_ci;
/*!40101 SET character_set_client = @saved_cs_client */;

--
-- Dumping data for table `profesion`
--

LOCK TABLES `profesion` WRITE;
/*!40000 ALTER TABLE `profesion` DISABLE KEYS */;
INSERT INTO `profesion` VALUES (1,'Psicopedagogo'),(2,'Trabajador Social');
/*!40000 ALTER TABLE `profesion` ENABLE KEYS */;
UNLOCK TABLES;

--
-- Table structure for table `provincia`
--

DROP TABLE IF EXISTS `provincia`;
/*!40101 SET @saved_cs_client     = @@character_set_client */;
/*!40101 SET character_set_client = utf8 */;
CREATE TABLE `provincia` (
  `id` int(11) NOT NULL AUTO_INCREMENT,
  `codigo` varchar(20) COLLATE utf8_unicode_ci NOT NULL,
  `nombre` varchar(100) COLLATE utf8_unicode_ci NOT NULL,
  PRIMARY KEY (`id`),
  UNIQUE KEY `UNIQ_D39AF21320332D99` (`codigo`)
) ENGINE=InnoDB AUTO_INCREMENT=17 DEFAULT CHARSET=utf8 COLLATE=utf8_unicode_ci;
/*!40101 SET character_set_client = @saved_cs_client */;

--
-- Dumping data for table `provincia`
--

LOCK TABLES `provincia` WRITE;
/*!40000 ALTER TABLE `provincia` DISABLE KEYS */;
INSERT INTO `provincia` VALUES (1,'21','PINAR DEL RIO'),(2,'22','ARTEMISA'),(3,'23','LA HABANA'),(4,'24','MAYABEQUE'),(5,'25','MATANZAS'),(6,'26','VILLA CLARA'),(7,'27','CIENFUEGOS'),(8,'28','SANCTI SPIRITUS'),(9,'29','CIEGO DE AVILA'),(10,'30','CAMAGUEY'),(11,'31','LAS TUNAS'),(12,'32','HOLGUIN'),(13,'33','GRANMA'),(14,'34','SANTIAGO DE CUBA'),(15,'35','GUANTANAMO'),(16,'4001','ISLA DE LA JUVENTUD');
/*!40000 ALTER TABLE `provincia` ENABLE KEYS */;
UNLOCK TABLES;

--
-- Table structure for table `role`
--

DROP TABLE IF EXISTS `role`;
/*!40101 SET @saved_cs_client     = @@character_set_client */;
/*!40101 SET character_set_client = utf8 */;
CREATE TABLE `role` (
  `id` int(11) NOT NULL AUTO_INCREMENT,
  `nombre` varchar(100) COLLATE utf8_unicode_ci NOT NULL,
  PRIMARY KEY (`id`),
  UNIQUE KEY `UNIQ_57698A6A3A909126` (`nombre`)
) ENGINE=InnoDB AUTO_INCREMENT=6 DEFAULT CHARSET=utf8 COLLATE=utf8_unicode_ci;
/*!40101 SET character_set_client = @saved_cs_client */;

--
-- Dumping data for table `role`
--

LOCK TABLES `role` WRITE;
/*!40000 ALTER TABLE `role` DISABLE KEYS */;
INSERT INTO `role` VALUES (2,'ROLE_ADMINISTRADOR'),(3,'ROLE_ENTREVISTADOR'),(1,'ROLE_SUPERUSUARIO'),(4,'ROLE_SUPERVISOR'),(5,'ROLE_VISUALIZADOR');
/*!40000 ALTER TABLE `role` ENABLE KEYS */;
UNLOCK TABLES;

--
-- Table structure for table `sistema_afectado`
--

DROP TABLE IF EXISTS `sistema_afectado`;
/*!40101 SET @saved_cs_client     = @@character_set_client */;
/*!40101 SET character_set_client = utf8 */;
CREATE TABLE `sistema_afectado` (
  `id` int(11) NOT NULL AUTO_INCREMENT,
  `nombre` varchar(100) COLLATE utf8_unicode_ci NOT NULL,
  PRIMARY KEY (`id`)
) ENGINE=InnoDB AUTO_INCREMENT=9 DEFAULT CHARSET=utf8 COLLATE=utf8_unicode_ci;
/*!40101 SET character_set_client = @saved_cs_client */;

--
-- Dumping data for table `sistema_afectado`
--

LOCK TABLES `sistema_afectado` WRITE;
/*!40000 ALTER TABLE `sistema_afectado` DISABLE KEYS */;
INSERT INTO `sistema_afectado` VALUES (1,'No existen sistemas afectados'),(2,'Sistema cardiorespiratorio'),(3,'Sistema genitourinario'),(4,'Sistema hemolinfopoyético'),(5,'Sistema endocrinometabólico'),(6,'Sistema nervioso'),(7,'Sistema osteomiarticular'),(8,'Sistema inmunológico');
/*!40000 ALTER TABLE `sistema_afectado` ENABLE KEYS */;
UNLOCK TABLES;

--
-- Table structure for table `temporal`
--

DROP TABLE IF EXISTS `temporal`;
/*!40101 SET @saved_cs_client     = @@character_set_client */;
/*!40101 SET character_set_client = utf8 */;
CREATE TABLE `temporal` (
  `id` int(11) DEFAULT NULL,
  `codigomunicipio` int(11) DEFAULT NULL,
  `nombre` varchar(200) DEFAULT NULL,
  `separador` varchar(1) DEFAULT NULL,
  `tipounidad` int(11) DEFAULT NULL,
  `codigounidad` varchar(3) DEFAULT NULL,
  `codigounidadfull` varchar(10) DEFAULT NULL,
  `idmunicipio` int(11) DEFAULT NULL
) ENGINE=InnoDB DEFAULT CHARSET=latin1;
/*!40101 SET character_set_client = @saved_cs_client */;

--
-- Dumping data for table `temporal`
--

LOCK TABLES `temporal` WRITE;
/*!40000 ALTER TABLE `temporal` DISABLE KEYS */;
INSERT INTO `temporal` VALUES (1,2101,'Ernesto Guevara de la Serna','-',14,'001','210114-001',1),(2,2101,'Juan Navarro Lopetigui','-',14,'002','210114-002',1),(3,2102,'Juan Bruno Zayas','-',14,'003','210214-003',2),(4,2103,'José Elías Borges','-',14,'004','210314-004',3),(5,2103,'Enrique Camalleri Mena','-',14,'005','210314-005',3),(6,2103,'Ramón González Coro','-',14,'006','210314-006',3),(7,2104,'Fermín Valdés Domínguez','-',14,'007','210414-007',4),(8,2105,'Pedro Borras Astorga','-',14,'008','210514-008',5),(9,2106,'Elena Fernández Castro','-',14,'009','210614-009',6),(10,2106,'Isabel Rubio Díaz','-',14,'010','210614-010',6),(11,2107,'1ro de Enero','-',14,'011','210714-011',7),(12,2707,'5 de Septiembre','-',14,'012','270714-012',81),(13,2108,'Luis Turcios Lima','-',14,'013','210814-013',8),(14,2108,'Pedro Borras Astorga','-',14,'014','210814-014',8),(15,2108,'Pedro Raúl Sánchez Rodríguez ','-',14,'015','210814-015',8),(16,2108,'Hermanos Cruz','-',14,'016','210814-016',8),(17,2109,'Epifanio Rojas Gil ','-',14,'017','210914-017',9),(18,2110,'Modesto Gómez Rubio','-',14,'018','211014-018',10),(19,2111,'Manuel Fajardo Rivero ','-',14,'019','211114-019',11),(20,2201,'Manuel Gonzales Diaz','-',14,'020','220114-020',12),(21,2201,'Pablo Torriente Brau','-',14,'021','220114-021',12),(22,2202,'Orlando Santana Valdés','-',14,'022','220214-022',13),(23,2202,'Jose Trujillo Rodríguez','-',14,'023','220214-023',13),(24,2203,'Eduardo Diaz Ortega','-',14,'024','220314-024',14),(25,2204,'Flores Betancourt Rodríguez','-',14,'025','220414-025',15),(26,2204,'Miguel Perera Ortega','-',14,'026','220414-026',15),(27,2205,'Pedro Esperón Álvarez','-',14,'027','220514-027',16),(28,2205,'Playa Baracoa','-',14,'028','220514-028',16),(29,2206,'José Hipólito Pazos Caballero','-',14,'029','220614-029',17),(30,2206,'Felipe Ismael Rodríguez Ramos','-',14,'030','220614-030',17),(31,2207,'José Manuel Seguí Jiménez ','-',14,'031','220714-031',18),(32,2208,'Gabriel Cubria Puig','-',14,'032','220814-032',19),(33,2209,'Tomas Romay  Chacón','-',14,'033','220914-033',20),(34,2209,'Adrien Sansaricq','-',14,'034','220914-034',20),(35,2209,'27 de Noviembre','-',14,'035','220914-035',20),(36,2210,'Gilberto Marquetti Arostegui','-',14,'036','221014-036',21),(37,2211,'Camilo Cienfuegos Gorriarán ','-',14,'037','221114-037',22),(38,2211,'Santa Cruz de los Pinos','-',14,'038','221114-038',22),(39,2301,'Isidro de Armas Rodriguez (*)','-',14,'039','230114-039',23),(40,2301,'Jorge Ruiz Ramírez','-',14,'040','230114-040',23),(41,2301,'Manuel  Fajardo Rivero ','-',14,'041','230114-041',23),(42,2301,'26 de Julio (*)','-',14,'042','230114-042',23),(43,2301,'1ro de Enero','-',14,'043','230114-043',23),(44,2301,'5 de Septiembre (*)','-',14,'044','230114-044',23),(45,2301,'Docente Playa (*)','-',14,'045','230114-045',23),(46,2301,'28 de Enero','-',14,'046','230114-046',23),(47,2301,'Ana Betancourt Agramonte','-',14,'047','230114-047',23),(48,2302,'Plaza de la Revolución','-',14,'048','230214-048',24),(49,2302,'Vedado (15 y 18) (*)','-',14,'049','230214-049',24),(50,2302,'Mártires del Corinthia','-',14,'050','230214-050',24),(51,2302,'Héroes del Moncada','-',14,'051','230214-051',24),(52,2302,'Rampa','-',14,'052','230214-052',24),(53,2302,'Puentes Grandes','-',14,'053','230214-053',24),(54,2302,'19 de Abril (*)','-',14,'054','230214-054',24),(55,2303,'Nguyen Van Troi (*)','-',14,'055','230314-055',25),(56,2303,'Marcio Manduley Murillo','-',14,'056','230314-056',25),(57,2303,'Reina','-',14,'057','230314-057',25),(58,2303,'Joaquín Albarrán y Domínguez (*)','-',14,'058','230314-058',25),(59,2303,'Luis Galván Soca (*)','-',14,'059','230314-059',25),(60,2304,'Diego Tamayo Figueredo (*)','-',14,'060','230414-060',26),(61,2305,'Robert Manuel Zulueta Cayol (*)','-',14,'061','230514-061',27),(62,2304,'Tomás Romay y Chacón (*)','-',14,'062','230414-062',26),(63,2304,'Antonio Guiteras Holmes (*)','-',14,'063','230414-063',26),(64,2304,'Ángel Arturo Aballí Arellano','-',14,'064','230414-064',26),(65,2305,'Lidya y Clodomira (*)','-',14,'065','230514-065',27),(66,2306,'Camilo Cienfuegos Gorriarán (*)','-',14,'066','230614-066',28),(67,2306,'Mario Muñoz Monroy (*) ','-',14,'067','230614-067',28),(68,2306,'Campo Florido (*)','-',14,'068','230614-068',28),(69,2306,'Mario Escalona Reguera (*)','-',14,'069','230614-069',28),(70,2306,'Gregorio Valdez Cruz (*) ','-',14,'070','230614-070',28),(71,2306,'Wilfredo Santana Rivas (*)','-',14,'071','230614-071',28),(72,2306,'13 de Marzo (*)','-',14,'072','230614-072',28),(73,2306,'Enrique de los A Betancourt Nenínger (*)','-',14,'073','230614-073',28),(74,2307,'Andrés Ortiz Junco (*)','-',14,'074','230714-074',29),(75,2307,'Angel Machaco Amejeiras (*)','-',14,'075','230714-075',29),(76,2307,'Julio Antonio Mella McPartland (*)','-',14,'076','230714-076',29),(77,2308,'Luis Carbó Servia ','-',14,'077','230814-077',30),(78,2308,'Bernardo Posse Orta (*)','-',14,'078','230814-078',30),(79,2308,'California (*)','-',14,'079','230814-079',30),(80,2308,'Hermanos Ruiz Aboy (*)','-',14,'080','230814-080',30),(81,2308,'Wilfredo Pérez Pérez (*)','-',14,'081','230814-081',30),(82,2308,'Reynaldo Pi Mirabal (*)','-',14,'082','230814-082',30),(83,2309,'Louis Pasteur','-',14,'083','230914-083',31),(84,2309,'Luyanó (*)','-',14,'084','230914-084',31),(85,2309,'Lawton','-',14,'085','230914-085',31),(86,2309,'Luis Augusto Turcios Lima (*)','-',14,'086','230914-086',31),(87,2309,'Luis de la Puente Uceda','-',14,'087','230914-087',31),(88,2309,'Raúl Gómez García ','-',14,'088','230914-088',31),(89,2309,'30 de Noviembre (*)','-',14,'089','230914-089',31),(90,2309,'14 de Junio (*)','-',14,'090','230914-090',31),(91,2310,'Cerro','-',14,'091','231014-091',32),(92,2310,'Héroes de Girón (*)','-',14,'092','231014-092',32),(93,2310,'Abel Santamaría Cuadrado (*)','-',14,'093','231014-093',32),(94,2310,'Antonio Maceo Grajales (*)','-',14,'094','231014-094',32),(95,2311,'Carlos Juan Finlay Barre (*)','-',14,'095','231114-095',33),(96,2311,'Ramón González Coro','-',14,'096','231114-096',33),(97,2311,'27 de Noviembre (*)','-',14,'097','231114-097',33),(98,2311,'Carlos Manuel Portuondo Lombart (*)','-',14,'098','231114-098',33),(99,2312,'Aleida Fernández Chardiet (*)','-',14,'099','231214-099',34),(100,2312,'Antonio Pulido Humarán (*)','-',14,'100','231214-100',34),(101,2312,'Pedro Fonseca Álvarez (*)','-',14,'101','231214-101',34),(102,2312,'Elpidio Berovides Pérez (*)','-',14,'102','231214-102',34),(103,2312,'Cristóbal Labra Pérez (*)','-',14,'103','231214-103',34),(104,2312,'Ernesto Guevara de la Serna (*)','-',14,'450','231214-450',34),(105,2313,'Boyeros','-',14,'104','231314-104',35),(106,2313,'Mártires de Calabazar (*)','-',14,'105','231314-105',35),(107,2313,'Mario Muñoz Monroy (*)','-',14,'106','231314-106',35),(108,2323,'René Bedia Morales (*)','-',14,'107','232314-107',NULL),(109,2313,'Federico Capdevila Miñano','-',14,'108','231314-108',35),(110,2313,'Victoria Cuba-Angola (*)','-',14,'109','231314-109',35),(111,2313,'Salvador Allende Gossens (*)','-',14,'110','231314-110',35),(112,2314,'Los Pinos','-',14,'111','231414-111',36),(113,2314,'Mantilla (*)','-',14,'112','231414-112',36),(114,2314,'Fernando Alvarez Pérez (*)','-',14,'113','231414-113',36),(115,2314,'Julián Grimau García (*)','-',14,'114','231414-114',36),(116,2314,'Párraga (*)','-',14,'115','231414-115',36),(117,2314,'Managua (*)','-',14,'116','231414-116',36),(118,2314,'Mayor José Antonio Céspedes Argote (*)','-',14,'117','231414-117',36),(119,2315,'Efraín Mayor Amaro ','-',14,'118','231514-118',37),(120,2315,'Cuatro Caminos (*)','-',14,'119','231514-119',37),(121,2315,'Rafael Valdés Menéndez (*)','-',14,'120','231514-120',37),(122,2401,'Rosa Elena Simeon Negrin','-',14,'121','240114-121',38),(123,2402,'Santiago Rafael Echezarreta Mulkay','-',14,'122','240214-122',39),(124,2402,'Luis Augusto Turcios Lima','-',14,'123','240214-123',39),(125,2402,'9 de abril','-',14,'124','240214-124',39),(126,2402,'Reinaldo Garcia Pérez','-',14,'125','240214-125',39),(127,2403,'Noelio Capote Figueroa','-',14,'126','240314-126',40),(128,2404,'Alberto Fernandez Valdez','-',14,'127','240414-127',41),(129,2404,'Julio Ruffin Hoyos','-',14,'128','240414-128',41),(130,2405,'Maria Emilia Alfonso Orta','-',14,'129','240514-129',42),(131,2405,'Dionisio Sáenz García','-',14,'130','240514-130',42),(132,2406,'Felipe Poey Aloy','-',14,'131','240614-131',43),(133,2406,'Humberto Castello Aldanás','-',14,'132','240614-132',43),(134,2407,'Emilia de Córdova Rubio','-',14,'133','240714-133',44),(135,2408,'Luis Lee Trugent','-',14,'134','240814-134',45),(136,2408,'Marta Martinez Figueras','-',14,'135','240814-135',45),(137,2408,'Osvaldo Sanchez Cabrera','-',14,'136','240814-136',45),(138,2409,'Raúl Curras Regalado','-',14,'137','240914-137',46),(139,2410,'Pascuala Restituta Rojas','-',14,'138','241014-138',47),(140,2411,'Pablo Noriega Chernicharo','-',14,'139','241114-139',48),(141,2411,'Dr. Vicente Iglesias Fernández','-',14,'140','241114-140',48),(142,2501,'José Luis Dubrocq Sardiñas ','-',14,'141','250114-141',49),(143,2501,'José Jacinto  Milanés (con extensión Ceiba Mocha)','-',14,'142','250114-142',49),(144,2501,'Reynold García García ','-',14,'143','250114-143',49),(145,2501,'Carlos Verdugo Martínez ','-',14,'144','250114-144',49),(146,2501,'Samuel Fernández Álvarez (con Extensión Guanábana)','-',14,'145','250114-145',49),(147,2502,'José Antonio Echeverría Bianchi','-',14,'146','250214-146',50),(148,2502,'Manuel Fajardo Rivero','-',14,'147','250214-147',50),(149,2502,'Héroes del Moncada','-',14,'148','250214-148',50),(150,2502,'Humberto Alvarez  Abreu','-',14,'149','250214-149',50),(151,2502,'Ramón Martínez Ramírez ','-',14,'150','250214-150',50),(152,2503,'Marcos Martí Rodriguez ','-',14,'151','250314-151',51),(153,2504,'Francisco Figueroa Veliz ','-',14,'152','250414-152',52),(154,2504,'Carlos Juan Finlay Barré ','-',14,'153','250414-153',52),(155,2505,'XXX Aniversario (con extensión Máximo Gómez) ','-',14,'154','250514-154',53),(156,2506,'René Vallejo Ortiz ','-',14,'155','250614-155',54),(157,2506,'Pedro Pablo Rivera Cue (con extensión C Rojas)','-',14,'156','250614-156',54),(158,2507,'Cesáreo Sánchez  Gómez ','-',14,'157','250714-157',55),(159,2507,'Félix Rivero Vasallo','-',14,'158','250714-158',55),(160,2508,'Nelson Fernández Oliva ','-',14,'159','250814-159',56),(161,2509,'José Machado Rodríguez ','-',14,'160','250914-160',57),(162,2509,'Andrés Casalla Perera ','-',14,'161','250914-161',57),(163,2509,'Octavio de la Concepción y de la Pedraja ','-',14,'162','250914-162',57),(164,2510,'Celia Sánchez Manduley ','-',14,'163','251014-163',58),(165,2511,'7 de Diciembre ','-',14,'164','251114-164',59),(166,2511,'Wilfredo Diaz Rodríguez','-',14,'165','251114-165',59),(167,2511,'Antonio Guiteras Holmes','-',14,'166','251114-166',59),(168,2512,'Tamara Bunke Bider (con extensión Manguito y Amarillas)','-',14,'167','251214-167',60),(169,2513,'Juan Gualberto Gómez','-',14,'168','251314-168',61),(170,2601,'\"Mártires 11 Abril\"','-',14,'169','260114-169',62),(171,2601,'\"Mártires 10 Abril\"','-',14,'170','260114-170',62),(172,2602,'\"Mártires 8 Abril\"','-',14,'171','260214-171',63),(173,2603,'Idalberto Revuelta Diaz','-',14,'172','260314-172',64),(174,2603,'Mario Alberto Pérez Mollinedo','-',14,'173','260314-173',64),(175,2604,'Abel Santamaría Cuadrado','-',14,'174','260414-174',65),(176,2604,'Gregorio Pedroso','-',14,'175','260414-175',65),(177,2605,'Octavio de la Concepción y de la Pedraja','-',14,'176','260514-176',66),(178,2605,'Manuel  Fajardo Rivero','-',14,'177','260514-177',66),(179,2606,'Leandro Fabián Figueroa González','-',14,'178','260614-178',67),(180,2606,'Pablo Agüero Guedes','-',14,'179','260614-179',67),(181,2607,'XXX Aniversario','-',14,'180','260714-180',68),(182,2607,'Camilo Cienfuegos Gorriarán ','-',14,'181','260714-181',68),(183,2607,'Felino Rodríguez Delgado','-',14,'182','260714-182',68),(184,2608,'Área Norte','-',14,'183','260814-183',69),(185,2608,'Área Sur','-',14,'184','260814-184',69),(186,2608,'Julio Pino Machado','-',14,'185','260814-185',69),(187,2608,'Falcón','-',14,'186','260814-186',69),(188,2609,'Santa Clara','-',14,'187','260914-187',70),(189,2609,'Agustín “Chiqui” Gómez Lubián Urioste','-',14,'188','260914-188',70),(190,2609,'José Ramón León Acosta','-',14,'189','260914-189',70),(191,2609,'Cap. Roberto Fleites González','-',14,'190','260914-190',70),(192,2609,'Marta de los Ángeles González Abreu y Arencibia','-',14,'191','260914-191',70),(193,2609,'XX Aniversario','-',14,'192','260914-192',70),(194,2610,'Juan Bruno Zayas Alfonso','-',14,'193','261014-193',71),(195,2610,'Ana Betancourt Agramonte','-',14,'194','261014-194',71),(196,2611,'Manuel Fajardo Rivero','-',14,'195','261114-195',72),(197,2611,'Manacas ','-',14,'196','261114-196',72),(198,2611,'Nguyen Van Troy','-',14,'197','261114-197',72),(199,2612,'Juan Bruno Contreras Fowler','-',14,'198','261214-198',73),(200,2612,'Mario Muñoz Monroy','-',14,'199','261214-199',73),(201,2612,'San Juan de los Yeras','-',14,'200','261214-200',73),(202,2613,'\"50 Aniversario\"','-',14,'201','261314-201',74),(203,2613,'Andrés Chongo Contreras','-',14,'202','261314-202',74),(204,2613,'Humberto Peralta Echemendía','-',14,'203','261314-203',74),(205,2613,'Paula María Pérez Morales','-',14,'204','261314-204',74),(206,2613,'La Campana','-',14,'205','261314-205',74),(207,2701,'Miguel Alipio de León','-',14,'206','270114-206',75),(208,2701,'Antonio Sánchez Gómez','-',14,'207','270114-207',75),(209,2702,'Raúl Suárez Martínez ','-',14,'208','270214-208',76),(210,2702,'Reynaldo Naranjo Leyva de Cartagena','-',14,'209','270214-209',76),(211,2703,'Manuel Piti Fajardo Rivero','-',14,'210','270314-210',77),(212,2703,'Francisco del Sol Díaz','-',14,'211','270314-211',77),(213,2404,'Enrique Barnet Roque de Escobar','-',14,'212','240414-212',41),(214,2705,'Manuel Piti Fajardo Rivero ','-',14,'213','270514-213',79),(215,2706,'Aracelio Rodríguez Castellón','-',14,'214','270614-214',80),(216,2706,'San Blas','-',14,'215','270614-215',80),(217,2707,'Cecilio Ruiz de Zarate ','-',14,'216','270714-216',81),(218,2707,'José Luis Chaviano Chávez','-',14,'217','270714-217',81),(219,2707,'Octavio de la Concepción y la Pedraja','-',14,'218','270714-218',81),(220,2707,'Ernesto Che Guevara de la Serna','-',14,'219','270714-219',81),(221,2707,'Manuel Piti Fajardo Rivero ','-',14,'220','270714-220',81),(222,2707,'CEN (Ciudad nuclear)','-',14,'221','270714-221',81),(223,2707,'Luis Pérez Lozano ','-',14,'222','270714-222',81),(224,2707,'Favio Di Celmo','-',14,'223','270714-223',81),(225,2708,'Mario Muñoz Monrroy','-',14,'224','270814-224',82),(226,2708,'Tomás Romay Chacón','-',14,'225','270814-225',82),(227,2801,'Camilo Cienfuegos Gorriarán ','-',14,'226','280114-226',83),(228,2801,'Mayajigua','-',14,'227','280114-227',83),(229,2801,'Meneses','-',14,'228','280114-228',83),(230,2801,'Mario Muñoz Monroy','-',14,'229','280114-229',83),(231,2802,'Antonio Avilas Valdivia','-',14,'230','280214-230',84),(232,2802,'Arselio Suárez Bernal','-',14,'231','280214-231',84),(233,2803,'Jorge Luiz Ramírez','-',14,'232','280314-232',85),(234,2803,'Dr. Faustino Pérez Hernández','-',14,'233','280314-233',85),(235,2804,'Dr. Faustino Pérez Hernández','-',14,'234','280414-234',86),(236,2804,'Ramón Balboa Monzón','-',14,'235','280414-235',86),(237,2804,'Carlos J Finlay Barrés','-',14,'236','280414-236',86),(238,2805,'Miguel Ángel Montesino Rodríguez','-',14,'237','280514-237',87),(239,2806,'Jesús Lara Cantero','-',14,'238','280614-238',88),(240,2806,'Celia Sánchez Manduley','-',14,'239','280614-239',88),(241,2806,'Condado','-',14,'240','280614-240',88),(242,2806,'Caracusey','-',14,'241','280614-241',88),(243,2807,'Juan Latinan Aguilar','-',14,'242','280714-242',89),(244,2807,'Área Centro','-',14,'243','280714-243',89),(245,2807,'Juan Martín Puentes','-',14,'244','280714-244',89),(246,2807,'Rudesindo Garcia del Rijo','-',14,'245','280714-245',89),(247,2807,'Camilo Cienfuegos  Gorriarán','-',14,'246','280714-246',89),(248,2807,'Los Olivos','-',14,'247','280714-247',89),(249,2808,'Rosa Elena Simeón Negrín','-',14,'248','280814-248',90),(250,2901,'Julio Castillo Álvarez','-',14,'249','290114-249',91),(251,2901,'Camilo Cienfuegos Gorriaran','-',14,'250','290114-250',91),(252,2901,'Máximo Gómez Baéz','-',14,'251','290114-251',91),(253,2902,'Diego del Rosario Padilla','-',14,'252','290214-252',92),(254,2902,'Área Sur','-',14,'253','290214-253',92),(255,2903,'Rafael Pérez González','-',14,'254','290314-254',93),(256,2904,'José Agustín Más Naranjo','-',14,'255','290414-255',94),(257,2905,'Raúl Ortiz Ávila','-',14,'256','290514-256',95),(258,2906,'Mario Hernández Pedraza','-',14,'257','290614-257',96),(259,2906,'Ernesto Ché Guevara de la Serna','-',14,'258','290614-258',96),(260,2907,'Doña Emilia González Echemendía','-',14,'259','290714-259',97),(261,2908,'Área Norte','-',14,'260','290814-260',98),(262,2908,'Área Sur','-',14,'261','290814-261',98),(263,2908,'Antonio Maceo Grajales ','-',14,'262','290814-262',98),(264,2908,'Belkis Sotomayor Álvarez','-',14,'263','290814-263',98),(265,2908,'Ceballos','-',14,'264','290814-264',98),(266,2909,'Juan Olimpio Valcarcel','-',14,'265','290914-265',99),(267,2910,'Baraguá','-',14,'266','291014-266',100),(268,2910,'Mario Paéz Inchausti','-',14,'267','291014-267',100),(269,3001,'Teniente Tomás Rojas Rodriguez','-',14,'268','300114-268',101),(270,3002,'Benito Viñales La Rosa','-',14,'269','300214-269',102),(271,3002,'Narciso Pérez Gross','-',14,'270','300214-270',102),(272,3003,'13 de marzo','-',14,'271','300314-271',103),(273,3004,'Arturo Puig Ruiz de Villa','-',14,'272','300414-272',104),(274,3004,'Noel Fernández Pérez de Minas','-',14,'273','300414-273',104),(275,3004,'Angel Antonio Pacheco','-',14,'274','300414-274',104),(276,3005,'Francisco Peña Peña','-',14,'275','300514-275',105),(277,3005,'X Aniversario','-',14,'276','300514-276',105),(278,3006,'Victoria de Girón','-',14,'277','300614-277',106),(279,3006,'Nguyen Van Troi','-',14,'278','300614-278',106),(280,3007,'Manuel Antonio de Varona Loredo','-',14,'279','300714-279',107),(281,3008,'Rodolfo Ramírez Esquivel','-',14,'280','300814-280',108),(282,3008,'Área Este','-',14,'281','300814-281',108),(283,3008,'José Martí Pérez','-',14,'282','300814-282',108),(284,3008,'Joaquín de Agüero y Agüero','-',14,'283','300814-283',108),(285,3008,'Gertrudis Aguilera Céspedes (Tula Aguilera)','-',14,'284','300814-284',108),(286,3008,'Ignacio Agramonte Garrido','-',14,'285','300814-285',108),(287,3008,'Previsora','-',14,'286','300814-286',108),(288,3008,'Julio Antonio Mella Mc Partland','-',14,'287','300814-287',108),(289,3008,'Carlos J Finlay Barrés','-',14,'288','300814-288',108),(290,3009,'Concepción Agramonte de Sánchez Boza','-',14,'289','300914-289',109),(291,3009,'Norte','-',14,'290','300914-290',109),(292,3010,'Mario Muñoz Monroy','-',14,'291','301014-291',110),(293,3010,'Batalla de las Guásimas','-',14,'292','301014-292',110),(294,3011,'Henry Mike Reeve Carroll','-',14,'293','301114-293',111),(295,3012,'Rosa Castellanos Castellanos','-',14,'294','301214-294',112),(296,3013,'Ernesto Che Guevara de la Serna','-',14,'295','301314-295',113),(297,3013,'Cándido González Morales','-',14,'296','301314-296',113),(298,3013,'Haití','-',14,'297','301314-297',113),(299,3013,'Oscar Primelles Cisneros','-',14,'298','301314-298',113),(300,3101,'Mártires de Manatí ','-',14,'299','310114-299',114),(301,3102,'Romarico Oro Peña ','-',14,'300','310214-300',115),(302,3102,'Eusebio Rafael Izquierdo Ramírez','-',14,'301','310214-301',115),(303,3102,'28 de Septiembre','-',14,'302','310214-302',115),(304,3103,'Mario Pozo Ochoa (SALGACERO)','-',14,'303','310314-303',116),(305,3104,'7 de Noviembre','-',14,'304','310414-304',117),(306,3105,'Aquiles Espinosa Salgado','-',14,'305','310514-305',118),(307,3105,'Guillermo Tejas Silva ','-',14,'306','310514-306',118),(308,3105,'Gustavo Aldereguia Lima ','-',14,'307','310514-307',118),(309,3105,'Manuel “Piti” Fajardo Rivero','-',14,'308','310514-308',118),(310,3105,'Alberto Arcos Luques','-',14,'309','310514-309',118),(311,3106,'14 de Junio','-',14,'310','310614-310',119),(312,3107,'Francisco Camaño Deño','-',14,'311','310714-311',120),(313,3108,'Luis Aldana Palomino','-',14,'312','310814-312',121),(314,3201,'José Martí Pérez ','-',14,'313','320114-313',122),(315,3101,'José Ávila Serrano','-',14,'314','310114-314',114),(316,3202,'Mario Muñoz Monrroy','-',14,'315','320214-315',123),(317,3202,'Fray Benito','-',14,'316','320214-316',123),(318,3203,'Darío Calzadilla Angulo','-',14,'317','320314-317',124),(319,3203,'Agustín González Montes de Oca','-',14,'319','320314-319',124),(320,3203,'Juan Manuel Ricardo García','-',14,'320','320314-320',124),(321,3203,'César Fornet Fruto','-',14,'321','320314-321',124),(322,3204,'Juan George Soto Cuesta','-',14,'318','320414-318',125),(323,3204,'27 de Noviembre Rene Ramos Latour','-',14,'322','320414-322',125),(324,3205,'Rolando Ricardo Estrada','-',14,'323','320514-323',126),(325,3205,'Julio Antonio Mella  Mc Partland','-',14,'324','320514-324',126),(326,3206,'René Ávila Reyes','-',14,'325','320614-325',127),(327,3206,'San Andrés','-',14,'326','320614-326',127),(328,3206,'Máximo Gómez Báez','-',14,'327','320614-327',127),(329,3206,'Julio Grave de Peralta Zayas Bazán','-',14,'328','320614-328',127),(330,3206,'Alex Urquiola Marrero','-',14,'329','320614-329',127),(331,3206,'Manuel Díaz Legrá','-',14,'330','320614-330',127),(332,3206,'Mario Gutiérrez Ardaya','-',14,'331','320614-331',127),(333,3206,'Alcides Pino Bermúdez','-',14,'332','320614-332',127),(334,3206,'Pedro del Toro Saad','-',14,'333','320614-333',127),(335,3206,'Pedro Díaz Coello','-',14,'334','320614-334',127),(336,3207,'Buenaventura','-',14,'335','320714-335',128),(337,3207,'Ernesto Guevara de la Serna','-',14,'336','320714-336',128),(338,3207,'Vista Hermosa','-',14,'337','320714-337',128),(339,3207,'San Agustín','-',14,'338','320714-338',128),(340,3208,'Rubén Batista Rubio','-',14,'339','320814-339',129),(341,3208,'Antonio Maceo Grajales','-',14,'340','320814-340',129),(342,3208,'Cristino Naranjo Vázquez','-',14,'341','320814-341',129),(343,3209,'Manuel Fajardo Rivero','-',14,'342','320914-342',130),(344,3210,'Mayor Jorge Luis Estevanel Diaz Cueto','-',14,'343','321014-343',131),(345,3210,'Juan Manuel Márquez Rodríguez','-',14,'344','321014-344',131),(346,3211,'26 de Julio','-',14,'345','321114-345',132),(347,3211,'Roberto Escudero Diaz','-',14,'346','321114-346',132),(348,3211,'8 de noviembre (Guaro)','-',14,'347','321114-347',132),(349,3211,'Levisa','-',14,'348','321114-348',132),(350,3212,'Frank País García','-',14,'349','321214-349',133),(351,3212,'Rafael Maceo Matos','-',14,'350','321214-350',133),(352,3213,'Jorge Fernández Alderí','-',14,'351','321314-351',134),(353,3213,'Hermanos Carbó Serbia','-',14,'352','321314-352',134),(354,3214,'Rolando Monterrey Caballero','-',14,'353','321414-353',135),(355,3214,'Juan Manuel Páez Inchauski','-',14,'354','321414-354',135),(356,3301,'Máximo Gómez Báez','-',14,'355','330114-355',136),(357,3301,'Camilo Cienfuegos Gorriaran','-',14,'356','330114-356',136),(358,3301,'Ernesto Guevara de la Serna','-',14,'357','330114-357',136),(359,3302,'Joel Benítez Borges','-',14,'358','330214-358',137),(360,3303,'Ulises Góngora Valera','-',14,'359','330314-359',138),(361,3303,'David Moreno Domínguez','-',14,'360','330314-360',138),(362,3303,'Edor de los Reyes Martínez Áreas','-',14,'361','330314-361',138),(363,3304,'13 de Marzo','-',14,'362','330414-362',139),(364,3304,'Bayamo Oeste','-',14,'363','330414-363',139),(365,3304,'Pedro Sotto Alba','-',14,'364','330414-364',139),(366,3304,'René Vallejo Ortiz','-',14,'365','330414-365',139),(367,3304,'Jimmy Hirzel  (Santiago Liberato Hirzel González)','-',14,'366','330414-366',139),(368,3305,'Luis Enrique de la Paz Reina','-',14,'367','330514-367',140),(369,3305,'Ramón Heredia Humpierre de Veguitas','-',14,'368','330514-368',140),(370,3306,'Francisca Rivero Arocha','-',14,'369','330614-369',141),(371,3306,'Dr Ángel Ortiz Vázquez','-',14,'370','330614-370',141),(372,3306,'Dr René Vallejo Ortiz','-',14,'371','330614-371',141),(373,3306,'Luis Enrique de la Paz Reina','-',14,'372','330614-372',141),(374,3306,'Hermanos Labrada','-',14,'373','330614-373',141),(375,3307,'Gustavo Aldereguia Lima','-',14,'374','330714-374',142),(376,3307,'Victor Cortina Aruz','-',14,'375','330714-375',142),(377,3307,'Genaro Brito Vargas','-',14,'376','330714-376',142),(378,3308,'Raúl Podio Saborit','-',14,'377','330814-377',143),(379,3309,'Ernesto Guevara de la Serna','-',14,'378','330914-378',144),(380,3310,'Manuel Sánchez Silveira','-',14,'379','331014-379',145),(381,3311,'Bartolomé Masó Márquez','-',14,'380','331114-380',146),(382,3312,'Faustino Pérez Hernández','-',14,'381','331214-381',147),(383,3313,'Guillermo González Polanco','-',14,'382','331314-382',148),(384,3401,'Baire','-',14,'383','340114-383',149),(385,3401,'América I','-',14,'384','340114-384',149),(386,3401,'América II','-',14,'385','340114-385',149),(387,3402,'Baraguá','-',14,'386','340214-386',150),(388,3402,'Néstor López Cuba','-',14,'387','340214-387',150),(389,3403,'Alberto Fernández Montes de Oca','-',14,'388','340314-388',151),(390,3403,'Carlos Manuel Ramírez Corría','-',14,'389','340314-389',151),(391,3403,'Eliseo Reyes Rodriguez','-',14,'390','340314-390',151),(392,3403,'Luis Carrión Pérez','-',14,'391','340314-391',151),(393,3403,'José Merceron Allen','-',14,'392','340314-392',151),(394,3404,'Eduardo Mesa Llull','-',14,'393','340414-393',152),(395,3405,'Carlos J Finlay Barrés','-',14,'394','340514-394',153),(396,3405,'Porfirio Valiente Del Monte','-',14,'395','340514-395',153),(397,3405,'Reynaldo Brooks Bravo','-',14,'396','340514-396',153),(398,3405,'Reynaldo Chiang Vargas','-',14,'397','340514-397',153),(399,3406,'Josué País Garcia','-',14,'398','340614-398',154),(400,3406,'Mario Muñoz Monrroy ','-',14,'399','340614-399',154),(401,3406,'28 de Septiembre','-',14,'400','340614-400',154),(402,3406,'30 de Noviembre','-',14,'401','340614-401',154),(403,3406,'Armando García Menocal','-',14,'402','340614-402',154),(404,3406,'Camilo Torres Restrepo','-',14,'403','340614-403',154),(405,3406,'Carlos J Finlay Barrés','-',14,'404','340614-404',154),(406,3406,'El Cristo','-',14,'405','340614-405',154),(407,3406,'Ernesto Guevara de la Serna','-',14,'406','340614-406',154),(408,3406,'Frank País García','-',14,'407','340614-407',154),(409,3406,'Joaquin Barrientos Barroso','-',14,'408','340614-408',154),(410,3406,'José Martí Pérez','-',14,'409','340614-409',154),(411,3406,'Julián Grimau García','-',14,'410','340614-410',154),(412,3406,'Luis Ramírez López ','-',14,'411','340614-411',154),(413,3406,'Rolando Espinal (municipal)','-',14,'412','340614-412',154),(414,3406,'Ramón López Peña','-',14,'413','340614-413',154),(415,3406,'XX Aniversario ','-',14,'414','340614-414',154),(416,3407,'Carlos René Montalbán Carnero (Sur)','-',14,'415','340714-415',155),(417,3407,'Oscar Alberto Ortega (Norte)','-',14,'416','340714-416',155),(418,3407,'Rafael Pantoja Ruíz (Dos Palmas)','-',14,'417','340714-417',155),(419,3407,'Ramiro Betancourt (Dos Ríos)','-',14,'418','340714-418',155),(420,3407,'Victoria de Girón','-',14,'419','340714-419',155),(421,3408,'Cruce de los Baños','-',14,'423','340814-423',156),(422,3408,'Esteban Caballero Estrada','-',14,'424','340814-424',156),(423,3409,'Aserradero','-',14,'420','340914-420',157),(424,3409,'Uvero','-',14,'421','340914-421',157),(425,3409,'Giraldo Aponte Fonseca','-',14,'422','340914-422',157),(426,3501,'Francisco Castro Ceruto','-',14,'425','350114-425',158),(427,3501,'Rafael Teope Fonseca','-',14,'426','350114-426',158),(428,3501,'Rolando Pérez Quintosa','-',14,'427','350114-427',158),(429,3501,'Manuel Regojo Vera','-',14,'428','350114-428',158),(430,3502,'Mártires de Jamaica','-',14,'429','350214-429',159),(431,3502,'Manuel Simón Tames Guerra','-',14,'430','350214-430',159),(432,3503,'Fausto Favier Favier','-',14,'431','350314-431',160),(433,3503,'Aurelio Martínez Mejías','-',14,'432','350314-432',160),(434,3504,'Hermanos Martínez Tamayo','-',14,'433','350414-433',161),(435,3504,'Fermín Valdés Domínguez','-',14,'434','350414-434',161),(436,3504,'Modesto Grimón Cardosa','-',14,'435','350414-435',161),(437,3505,'Patricio Sierra Alta','-',14,'436','350514-436',162),(438,3506,'Ciro Frías Cabrera','-',14,'437','350614-437',163),(439,3507,'Félix Lugerio Pena Díaz','-',14,'438','350714-438',164),(440,3507,'IV Congreso','-',14,'439','350714-439',164),(441,3508,'Ramón López Peña','-',14,'440','350814-440',165),(442,3509,'Emilio Dauninot Bueno','-',14,'441','350914-441',166),(443,3509,'Asdrúbal López Vázquez','-',14,'442','350914-442',166),(444,3509,'Omar Ranedo Pubillones','-',14,'443','350914-443',166),(445,3509,'Mártires 4 de Agosto','-',14,'444','350914-444',166),(446,3509,'Mártires 4 de Abril','-',14,'445','350914-445',166),(447,3510,'Gilberto Isalgué González','-',14,'446','351014-446',167),(448,4001,'Juan Manuel Páez Inchauski','-',14,'447','400114-447',168),(449,4001,'Leonilda Tamayo Matos','-',14,'448','400114-448',168),(450,4001,'Orestes Falls Oñate','-',14,'449','400114-449',168);
/*!40000 ALTER TABLE `temporal` ENABLE KEYS */;
UNLOCK TABLES;

--
-- Table structure for table `tipo_area_salud`
--

DROP TABLE IF EXISTS `tipo_area_salud`;
/*!40101 SET @saved_cs_client     = @@character_set_client */;
/*!40101 SET character_set_client = utf8 */;
CREATE TABLE `tipo_area_salud` (
  `id` int(11) NOT NULL AUTO_INCREMENT,
  `nombre` varchar(100) COLLATE utf8_unicode_ci NOT NULL,
  PRIMARY KEY (`id`)
) ENGINE=InnoDB AUTO_INCREMENT=2 DEFAULT CHARSET=utf8 COLLATE=utf8_unicode_ci;
/*!40101 SET character_set_client = @saved_cs_client */;

--
-- Dumping data for table `tipo_area_salud`
--

LOCK TABLES `tipo_area_salud` WRITE;
/*!40000 ALTER TABLE `tipo_area_salud` DISABLE KEYS */;
INSERT INTO `tipo_area_salud` VALUES (1,'Policlínicos');
/*!40000 ALTER TABLE `tipo_area_salud` ENABLE KEYS */;
UNLOCK TABLES;

--
-- Table structure for table `tipo_dominio`
--

DROP TABLE IF EXISTS `tipo_dominio`;
/*!40101 SET @saved_cs_client     = @@character_set_client */;
/*!40101 SET character_set_client = utf8 */;
CREATE TABLE `tipo_dominio` (
  `id` int(11) NOT NULL AUTO_INCREMENT,
  `codigo` varchar(3) COLLATE utf8_unicode_ci NOT NULL,
  `nombre` varchar(100) COLLATE utf8_unicode_ci NOT NULL,
  PRIMARY KEY (`id`),
  UNIQUE KEY `UNIQ_4396ADF20332D99` (`codigo`),
  UNIQUE KEY `UNIQ_4396ADF3A909126` (`nombre`)
) ENGINE=InnoDB AUTO_INCREMENT=10 DEFAULT CHARSET=utf8 COLLATE=utf8_unicode_ci;
/*!40101 SET character_set_client = @saved_cs_client */;

--
-- Dumping data for table `tipo_dominio`
--

LOCK TABLES `tipo_dominio` WRITE;
/*!40000 ALTER TABLE `tipo_dominio` DISABLE KEYS */;
INSERT INTO `tipo_dominio` VALUES (1,'d1','Aprendizaje y aplicación del conocimiento'),(2,'d2','Tareas y demandas generales'),(3,'d3','Comunicación'),(4,'d4','Movilidad'),(5,'d5','Autocuidado'),(6,'d6','Vida doméstica'),(7,'d7','Interacciones y relaciones interpersonales'),(8,'d8','Áreas principales de la vida'),(9,'d9','Vida comunitaria, social y cívica');
/*!40000 ALTER TABLE `tipo_dominio` ENABLE KEYS */;
UNLOCK TABLES;

--
-- Table structure for table `traza`
--

DROP TABLE IF EXISTS `traza`;
/*!40101 SET @saved_cs_client     = @@character_set_client */;
/*!40101 SET character_set_client = utf8 */;
CREATE TABLE `traza` (
  `id` int(11) NOT NULL AUTO_INCREMENT,
  `usuario_id` int(11) DEFAULT NULL,
  `fecha` date NOT NULL,
  `modulo` varchar(150) COLLATE utf8_unicode_ci NOT NULL,
  `accion` varchar(100) COLLATE utf8_unicode_ci NOT NULL,
  `descripcion` varchar(255) COLLATE utf8_unicode_ci DEFAULT NULL,
  PRIMARY KEY (`id`),
  KEY `IDX_AD36B8A0DB38439E` (`usuario_id`),
  CONSTRAINT `FK_AD36B8A0DB38439E` FOREIGN KEY (`usuario_id`) REFERENCES `usuario` (`id`)
) ENGINE=InnoDB AUTO_INCREMENT=886 DEFAULT CHARSET=utf8 COLLATE=utf8_unicode_ci;
/*!40101 SET character_set_client = @saved_cs_client */;

--
-- Dumping data for table `traza`
--

LOCK TABLES `traza` WRITE;
/*!40000 ALTER TABLE `traza` DISABLE KEYS */;
INSERT INTO `traza` VALUES (1,1,'2022-06-26','Login','Acceso','Se accedió al sistema'),(2,1,'2022-06-26','Login','Acceso','Se accedió al sistema'),(3,1,'2022-06-26','Login','Acceso','Se accedió al sistema'),(4,1,'2022-06-26','Login','Acceso','Se accedió al sistema'),(5,1,'2022-06-26','Login','Acceso','Se accedió al sistema'),(6,1,'2022-06-26','Login','Acceso','Se accedió al sistema'),(7,1,'2022-06-26','Login','Acceso','Se accedió al sistema'),(8,1,'2022-06-26','Login','Acceso','Se accedió al sistema'),(9,2,'2022-06-26','Login','Acceso','Se accedió al sistema'),(11,1,'2022-06-26','Login','Acceso','Se accedió al sistema'),(13,1,'2022-06-26','Profesión','Insertar','Se insertó un nueva profesión con el nombre: ssss'),(14,1,'2022-06-26','Profesión','Eliminar','Se eliminó la profesión con el nombre: ssss'),(15,1,'2022-06-26','Usuario','Insertar','Se insertó el usuario: Yanelis Castillo QA'),(16,1,'2022-06-26','Usuario','Modificar','Se modificó el usuario: Yanelis Castillo QA'),(17,1,'2022-06-26','Usuario','Eliminar','Se eliminó el usuario: Yanelis Castillo QA'),(18,1,'2022-06-26','Usuario','Eliminar','Se eliminó el usuario: Yanelis Castillo QA'),(19,1,'2022-06-26','Diagnóstico Médico','Insertar','Se insertó un nuevo diagnóstico médico con el nombre: 1111'),(20,1,'2022-06-26','Diagnóstico Médico','Modificar','Se modificó el diagnóstico médico con el nombre: 11112'),(21,1,'2022-06-26','Diagnóstico Médico','Eliminar','Se eliminó el diagnóstico médico con el nombre: 11112'),(22,1,'2022-06-26','Empleo','Insertar','Se insertó un nuevo empleo con el nombre: 2222'),(23,1,'2022-06-26','Empleo','Modificar','Se modificó el empleo con el nombre: 22221'),(24,1,'2022-06-26','Empleo','Eliminar','Se eliminó el empleo con el nombre: 22221'),(25,1,'2022-06-26','Estado Civil','Modificar','Se modificó el estado civil con el nombre: Soltero(a)'),(26,1,'2022-06-26','Factor de Riesgo','Insertar','Se insertó un nuevo factor de riesgo con el nombre: 222'),(27,1,'2022-06-26','Factor de Riesgo','Modificar','Se modificó el factor de riesgo con el nombre: 2221'),(28,1,'2022-06-26','Factor de Riesgo','Eliminar','Se eliminó el factor de riesgo con el nombre: 2221'),(29,1,'2022-06-26','Grado Independencia','Insertar','Se insertó una nueva grado de independencia con el nombre: 222'),(30,1,'2022-06-26','Grado Independencia','Modificar','Se modificó el grado de independencia con el nombre: 2221'),(31,1,'2022-06-26','Grado Independencia','Eliminar','Se eliminó el grado de independencia con el nombre: 2221'),(32,1,'2022-06-26','Función Afectada','Insertar','Se insertó una nueva función afectada con el nombre: 111'),(33,1,'2022-06-26','Función Afectada','Modificar','Se modificó la función afectada con el nombre: 1113'),(34,1,'2022-06-26','Función Afectada','Eliminar','Se eliminó la función afectada con el nombre: 1113'),(37,1,'2022-06-26','Encuesta','Insertar','Se insertaron los datos generales de la encuesta: 81031411031'),(38,1,'2022-06-26','Encuesta','Insertar','Se insertaron las preguntas de la encuesta: 81031411031'),(39,1,'2022-06-26','Login','Acceso','Se accedió al sistema'),(40,1,'2022-06-26','Login','Acceso','Se accedió al sistema'),(41,1,'2022-06-26','Login','Acceso','Se accedió al sistema'),(42,1,'2022-06-26','Login','Acceso','Se accedió al sistema'),(43,1,'2022-06-26','Login','Acceso','Se accedió al sistema'),(44,1,'2022-06-26','Login','Acceso','Se accedió al sistema'),(45,1,'2022-06-26','Login','Acceso','Se accedió al sistema'),(46,1,'2022-06-26','Login','Acceso','Se accedió al sistema'),(47,1,'2022-06-26','Login','Acceso','Se accedió al sistema'),(48,1,'2022-06-26','Login','Acceso','Se accedió al sistema'),(49,1,'2022-06-26','Login','Acceso','Se accedió al sistema'),(50,1,'2022-06-26','Login','Acceso','Se accedió al sistema'),(51,1,'2022-06-26','Login','Acceso','Se accedió al sistema'),(52,1,'2022-06-26','Login','Acceso','Se accedió al sistema'),(53,1,'2022-06-26','Login','Acceso','Se accedió al sistema'),(54,1,'2022-06-26','Login','Acceso','Se accedió al sistema'),(55,1,'2022-06-26','Login','Acceso','Se accedió al sistema'),(56,1,'2022-06-26','Login','Acceso','Se accedió al sistema'),(57,1,'2022-06-26','Login','Acceso','Se accedió al sistema'),(58,1,'2022-06-26','Login','Acceso','Se accedió al sistema'),(59,1,'2022-06-26','Login','Acceso','Se accedió al sistema'),(60,1,'2022-06-26','Login','Acceso','Se accedió al sistema'),(61,1,'2022-06-26','Login','Acceso','Se accedió al sistema'),(62,1,'2022-06-26','Login','Acceso','Se accedió al sistema'),(63,2,'2022-06-27','Login','Acceso','Se accedió al sistema'),(64,1,'2022-06-27','Login','Acceso','Se accedió al sistema'),(65,1,'2022-06-27','Login','Acceso','Se accedió al sistema'),(66,1,'2022-06-27','Usuario','Modificar','Se modificó el usuario: María del Rosario Ruíz Beruvides'),(67,1,'2022-06-27','Login','Acceso','Se accedió al sistema'),(68,1,'2022-06-27','Login','Acceso','Se accedió al sistema'),(69,1,'2022-06-27','Encuesta','Insertar','Se insertaron los datos generales de la encuesta: 85031921610'),(70,1,'2022-06-27','Encuesta','Insertar','Se insertaron las preguntas de la encuesta: 85031921610'),(71,1,'2022-06-27','Encuesta','Insertar','Se insertaron los datos generales de la encuesta: 77061011026'),(72,1,'2022-06-27','Encuesta','Insertar','Se insertaron las preguntas de la encuesta: 77061011026'),(73,1,'2022-06-27','Encuesta','Modificar','Se modificaron los datos generales de la encuesta: 72061011026'),(74,1,'2022-06-27','Encuesta','Modificar','Se modificaron las preguntas de la encuesta: 72061011026'),(75,1,'2022-06-27','Encuesta','Modificar','Se modificaron los datos generales de la encuesta: 81031411031'),(76,1,'2022-06-27','Encuesta','Modificar','Se modificaron las preguntas de la encuesta: 81031411031'),(77,1,'2022-06-27','Login','Acceso','Se accedió al sistema'),(78,1,'2022-06-27','Login','Acceso','Se accedió al sistema'),(79,1,'2022-06-27','Login','Acceso','Se accedió al sistema'),(80,1,'2022-06-27','Login','Acceso','Se accedió al sistema'),(81,2,'2022-06-27','Login','Acceso','Se accedió al sistema'),(82,1,'2022-06-27','Login','Acceso','Se accedió al sistema'),(83,1,'2022-06-27','Login','Acceso','Se accedió al sistema'),(84,1,'2022-06-27','Login','Acceso','Se accedió al sistema'),(85,1,'2022-06-27','Pregunta','Insertar','Se insertó una nueva pregunta con el código: d434'),(86,1,'2022-06-27','Pregunta','Eliminar','Se eliminó la pregunta con el código: d434'),(87,1,'2022-06-27','Login','Acceso','Se accedió al sistema'),(88,1,'2022-06-28','Login','Acceso','Se accedió al sistema'),(89,1,'2022-06-28','Login','Acceso','Se accedió al sistema'),(90,1,'2022-06-28','Login','Acceso','Se accedió al sistema'),(91,1,'2022-06-28','Usuario','Insertar','Se insertó el usuario: Alan DIAZ Mompie'),(92,103,'2022-06-28','Login','Acceso','Se accedió al sistema'),(93,103,'2022-06-28','Login','Acceso','Se accedió al sistema'),(94,103,'2022-06-28','Usuario','Resetear password','Se cambió la contraseña del usuario: Alan DIAZ Mompie'),(95,103,'2022-06-28','Login','Acceso','Se accedió al sistema'),(96,103,'2022-06-28','Login','Acceso','Se accedió al sistema'),(97,103,'2022-06-29','Login','Acceso','Se accedió al sistema'),(98,1,'2022-06-29','Login','Acceso','Se accedió al sistema'),(99,1,'2022-06-29','Login','Acceso','Se accedió al sistema'),(100,1,'2022-06-29','Login','Acceso','Se accedió al sistema'),(101,1,'2022-06-29','Login','Acceso','Se accedió al sistema'),(102,1,'2022-06-29','Login','Acceso','Se accedió al sistema'),(103,1,'2022-06-29','Login','Acceso','Se accedió al sistema'),(104,1,'2022-06-29','Login','Acceso','Se accedió al sistema'),(105,1,'2022-06-29','Login','Acceso','Se accedió al sistema'),(106,1,'2022-06-29','Login','Acceso','Se accedió al sistema'),(107,1,'2022-06-29','Login','Acceso','Se accedió al sistema'),(108,1,'2022-06-29','Login','Acceso','Se accedió al sistema'),(109,1,'2022-06-29','Login','Acceso','Se accedió al sistema'),(110,1,'2022-06-29','Login','Acceso','Se accedió al sistema'),(111,1,'2022-06-29','Login','Acceso','Se accedió al sistema'),(112,1,'2022-06-29','Login','Acceso','Se accedió al sistema'),(113,1,'2022-06-29','Login','Acceso','Se accedió al sistema'),(114,1,'2022-06-29','Login','Acceso','Se accedió al sistema'),(115,1,'2022-06-29','Login','Acceso','Se accedió al sistema'),(116,1,'2022-06-29','Login','Acceso','Se accedió al sistema'),(117,1,'2022-06-29','Login','Acceso','Se accedió al sistema'),(118,1,'2022-06-29','Login','Acceso','Se accedió al sistema'),(119,1,'2022-06-29','Login','Acceso','Se accedió al sistema'),(120,1,'2022-06-29','Login','Acceso','Se accedió al sistema'),(121,1,'2022-06-29','Login','Acceso','Se accedió al sistema'),(122,1,'2022-06-29','Login','Acceso','Se accedió al sistema'),(123,1,'2022-06-29','Login','Acceso','Se accedió al sistema'),(124,1,'2022-06-29','Login','Acceso','Se accedió al sistema'),(125,1,'2022-06-29','Login','Acceso','Se accedió al sistema'),(126,1,'2022-06-29','Login','Acceso','Se accedió al sistema'),(127,1,'2022-06-29','Login','Acceso','Se accedió al sistema'),(128,1,'2022-06-29','Login','Acceso','Se accedió al sistema'),(129,1,'2022-06-29','Login','Acceso','Se accedió al sistema'),(130,1,'2022-06-29','Login','Acceso','Se accedió al sistema'),(131,1,'2022-06-29','Login','Acceso','Se accedió al sistema'),(132,1,'2022-06-29','Login','Acceso','Se accedió al sistema'),(133,1,'2022-06-29','Login','Acceso','Se accedió al sistema'),(134,1,'2022-06-29','Login','Acceso','Se accedió al sistema'),(135,1,'2022-06-29','Login','Acceso','Se accedió al sistema'),(136,1,'2022-06-29','Login','Acceso','Se accedió al sistema'),(137,1,'2022-06-29','Login','Acceso','Se accedió al sistema'),(138,1,'2022-06-29','Login','Acceso','Se accedió al sistema'),(139,1,'2022-06-29','Login','Acceso','Se accedió al sistema'),(140,1,'2022-06-29','Login','Acceso','Se accedió al sistema'),(141,1,'2022-06-29','Login','Acceso','Se accedió al sistema'),(142,1,'2022-06-29','Login','Acceso','Se accedió al sistema'),(143,1,'2022-06-29','Login','Acceso','Se accedió al sistema'),(144,1,'2022-06-29','Login','Acceso','Se accedió al sistema'),(145,1,'2022-06-29','Login','Acceso','Se accedió al sistema'),(146,1,'2022-06-29','Login','Acceso','Se accedió al sistema'),(147,1,'2022-06-29','Login','Acceso','Se accedió al sistema'),(148,1,'2022-06-29','Login','Acceso','Se accedió al sistema'),(149,1,'2022-06-29','Login','Acceso','Se accedió al sistema'),(150,1,'2022-06-29','Login','Acceso','Se accedió al sistema'),(151,1,'2022-06-29','Login','Acceso','Se accedió al sistema'),(152,1,'2022-06-29','Login','Acceso','Se accedió al sistema'),(153,1,'2022-06-29','Login','Acceso','Se accedió al sistema'),(154,1,'2022-06-29','Login','Acceso','Se accedió al sistema'),(155,1,'2022-06-29','Login','Acceso','Se accedió al sistema'),(156,1,'2022-06-29','Login','Acceso','Se accedió al sistema'),(157,1,'2022-06-29','Login','Acceso','Se accedió al sistema'),(158,1,'2022-06-29','Login','Acceso','Se accedió al sistema'),(159,1,'2022-06-29','Login','Acceso','Se accedió al sistema'),(160,1,'2022-06-29','Login','Acceso','Se accedió al sistema'),(161,1,'2022-06-29','Login','Acceso','Se accedió al sistema'),(162,1,'2022-06-29','Login','Acceso','Se accedió al sistema'),(163,1,'2022-06-29','Login','Acceso','Se accedió al sistema'),(164,1,'2022-06-29','Login','Acceso','Se accedió al sistema'),(165,1,'2022-06-29','Login','Acceso','Se accedió al sistema'),(166,1,'2022-06-29','Login','Acceso','Se accedió al sistema'),(167,1,'2022-06-29','Login','Acceso','Se accedió al sistema'),(168,1,'2022-06-29','Login','Acceso','Se accedió al sistema'),(169,1,'2022-06-29','Login','Acceso','Se accedió al sistema'),(170,1,'2022-06-30','Login','Acceso','Se accedió al sistema'),(171,1,'2022-06-30','Login','Acceso','Se accedió al sistema'),(172,1,'2022-06-30','Login','Acceso','Se accedió al sistema'),(173,1,'2022-06-30','Login','Acceso','Se accedió al sistema'),(174,1,'2022-06-30','Pregunta','Insertar','Se insertó una nueva pregunta con el código: d145'),(175,1,'2022-06-30','Pregunta','Eliminar','Se eliminó la pregunta con el código: d145'),(176,1,'2022-06-30','Pregunta','Insertar','Se insertó una nueva pregunta con el código: d3456'),(177,1,'2022-06-30','Pregunta','Modificar','Se modificó la pregunta con el código: d345'),(178,1,'2022-06-30','Pregunta','Eliminar','Se eliminó la pregunta con el código: d345'),(179,1,'2022-06-30','Pregunta','Insertar','Se insertó una nueva pregunta con el código: d456'),(180,1,'2022-06-30','Pregunta','Eliminar','Se eliminó la pregunta con el código: d456'),(181,1,'2022-06-30','Login','Acceso','Se accedió al sistema'),(182,1,'2022-06-30','Login','Acceso','Se accedió al sistema'),(183,1,'2022-07-02','Login','Acceso','Se accedió al sistema'),(184,1,'2022-07-02','Login','Acceso','Se accedió al sistema'),(185,1,'2022-07-02','Login','Acceso','Se accedió al sistema'),(186,1,'2022-07-02','Login','Acceso','Se accedió al sistema'),(187,1,'2022-07-02','Login','Acceso','Se accedió al sistema'),(188,1,'2022-07-02','Login','Acceso','Se accedió al sistema'),(189,1,'2022-07-02','Login','Acceso','Se accedió al sistema'),(190,1,'2022-07-02','Login','Acceso','Se accedió al sistema'),(191,1,'2022-07-02','Login','Acceso','Se accedió al sistema'),(192,1,'2022-07-02','Login','Acceso','Se accedió al sistema'),(193,1,'2022-07-02','Login','Acceso','Se accedió al sistema'),(194,1,'2022-07-02','Login','Acceso','Se accedió al sistema'),(195,1,'2022-07-02','Login','Acceso','Se accedió al sistema'),(196,1,'2022-07-02','Login','Acceso','Se accedió al sistema'),(197,1,'2022-07-02','Login','Acceso','Se accedió al sistema'),(198,1,'2022-07-02','Login','Acceso','Se accedió al sistema'),(199,1,'2022-07-02','Login','Acceso','Se accedió al sistema'),(200,1,'2022-07-02','Usuario','Resetear','Se cambió el password del usuario: Alain Hernández Ortiz'),(201,1,'2022-07-02','Usuario','Resetear','Se cambió el password del usuario: Alain Hernández Ortiz'),(202,1,'2022-07-02','Usuario','Resetear','Se cambió el password del usuario: Alain Hernández Ortiz'),(203,1,'2022-07-02','Usuario','Resetear','Se cambió el password del usuario: Alain Hernández Ortiz'),(204,1,'2022-07-02','Usuario','Resetear','Se cambió el password del usuario: '),(205,1,'2022-07-02','Usuario','Resetear','Se cambió el password del usuario: '),(206,1,'2022-07-02','Usuario','Resetear','Se cambió el password del usuario: '),(207,1,'2022-07-02','Login','Acceso','Se accedió al sistema'),(208,1,'2022-07-02','Usuario','Resetear','Se cambió el password del usuario: '),(209,1,'2022-07-02','Usuario','Resetear','Se cambió el password del usuario: '),(210,1,'2022-07-02','Usuario','Eliminar','Se eliminó el usuario: Ivón María Cueto Eduarte'),(211,1,'2022-07-02','Usuario','Resetear','Se eliminó el usuario: Alain Hernández Ortiz'),(212,1,'2022-07-02','Usuario','Resetear','Se eliminó el usuario: Alain Hernández Ortiz'),(213,1,'2022-07-02','Login','Acceso','Se accedió al sistema'),(214,1,'2022-07-02','Login','Acceso','Se accedió al sistema'),(215,1,'2022-07-02','Login','Acceso','Se accedió al sistema'),(216,1,'2022-07-02','Login','Acceso','Se accedió al sistema'),(217,1,'2022-07-02','Login','Acceso','Se accedió al sistema'),(218,1,'2022-07-02','Login','Acceso','Se accedió al sistema'),(219,1,'2022-07-02','Login','Acceso','Se accedió al sistema'),(220,1,'2022-07-02','Login','Acceso','Se accedió al sistema'),(221,1,'2022-07-02','Login','Acceso','Se accedió al sistema'),(222,1,'2022-07-02','Login','Acceso','Se accedió al sistema'),(223,1,'2022-07-02','Login','Acceso','Se accedió al sistema'),(224,1,'2022-07-02','Login','Acceso','Se accedió al sistema'),(225,1,'2022-07-02','Login','Acceso','Se accedió al sistema'),(226,1,'2022-07-02','Login','Acceso','Se accedió al sistema'),(227,1,'2022-07-02','Login','Acceso','Se accedió al sistema'),(228,1,'2022-07-02','Login','Acceso','Se accedió al sistema'),(229,1,'2022-07-03','Login','Acceso','Se accedió al sistema'),(230,1,'2022-07-03','Login','Acceso','Se accedió al sistema'),(231,1,'2022-07-03','Usuario','Modificar','Se modificó el usuario: Maria Elena  Perez Leyva'),(232,1,'2022-07-03','Usuario','Modificar','Se modificó el usuario: María del Rosario Ruíz Beruvides'),(233,1,'2022-07-03','Usuario','Modificar','Se modificó el usuario: Miguel Ángel Martínez Morales'),(234,1,'2022-07-03','Usuario','Modificar','Se modificó el usuario: Maria Elena Bemúndez Súarez'),(235,1,'2022-07-03','Login','Acceso','Se accedió al sistema'),(236,1,'2022-07-03','Encuesta','Insertar','Se insertaron los datos generales de la encuesta: 89061023110'),(237,1,'2022-07-03','Encuesta','Insertar','Se insertaron las preguntas de la encuesta: 89061023110'),(238,1,'2022-07-03','Login','Acceso','Se accedió al sistema'),(239,1,'2022-07-03','Login','Acceso','Se accedió al sistema'),(240,1,'2022-07-03','Login','Acceso','Se accedió al sistema'),(241,1,'2022-07-03','Login','Acceso','Se accedió al sistema'),(242,1,'2022-07-03','Login','Acceso','Se accedió al sistema'),(243,1,'2022-07-03','Login','Acceso','Se accedió al sistema'),(244,2,'2022-07-03','Login','Acceso','Se accedió al sistema'),(245,1,'2022-07-03','Login','Acceso','Se accedió al sistema'),(246,1,'2022-07-03','Login','Acceso','Se accedió al sistema'),(247,1,'2022-07-03','Usuario','Resetear','Se eliminó el usuario: Alain Hernández Ortiz'),(248,1,'2022-07-03','Usuario','Modificar','Se modificó el usuario: María Cecilia Jiménez Rodríguez'),(249,14,'2022-07-03','Login','Acceso','Se accedió al sistema'),(250,14,'2022-07-03','Login','Acceso','Se accedió al sistema'),(251,1,'2022-07-03','Login','Acceso','Se accedió al sistema'),(252,1,'2022-07-03','Usuario','Resetear','Se eliminó el usuario: Alain Hernández Ortiz'),(253,1,'2022-07-03','Usuario','Modificar','Se modificó el usuario: Zenaida Toranzo Collado'),(254,1,'2022-07-03','Usuario','Resetear','Se eliminó el usuario: Alain Hernández Ortiz'),(255,1,'2022-07-03','Usuario','Modificar','Se modificó el usuario: Victor Manuel Sanchez Arteaga'),(256,53,'2022-07-03','Login','Acceso','Se accedió al sistema'),(257,94,'2022-07-03','Login','Acceso','Se accedió al sistema'),(258,1,'2022-07-03','Login','Acceso','Se accedió al sistema'),(259,1,'2022-07-03','Login','Acceso','Se accedió al sistema'),(260,1,'2022-07-03','Login','Acceso','Se accedió al sistema'),(261,1,'2022-07-03','Usuario','Resetear','Se eliminó el usuario: Alain Hernández Ortiz'),(262,1,'2022-07-03','Login','Acceso','Se accedió al sistema'),(263,1,'2022-07-03','Usuario','Modificar','Se modificó el usuario: Maria Elena  Perez Leyva'),(264,1,'2022-07-03','Login','Acceso','Se accedió al sistema'),(265,1,'2022-07-03','Usuario','Modificar','Se modificó el usuario: Maria Elena  Perez Leyva'),(266,1,'2022-07-03','Login','Acceso','Se accedió al sistema'),(267,1,'2022-07-03','Usuario','Resetear','Se eliminó el usuario: Alain Hernández Ortiz'),(268,1,'2022-07-03','Usuario','Modificar','Se modificó el usuario: Maria Elena  Perez Leyva'),(269,1,'2022-07-03','Login','Acceso','Se accedió al sistema'),(270,2,'2022-07-03','Login','Acceso','Se accedió al sistema'),(271,1,'2022-07-03','Login','Acceso','Se accedió al sistema'),(272,1,'2022-07-03','Usuario','Modificar','Se modificó el usuario: Osmara Delgado Sanchez'),(273,1,'2022-07-03','Usuario','Modificar','Se modificó el usuario: Osmara Delgado Sanchez'),(274,2,'2022-07-03','Login','Acceso','Se accedió al sistema'),(275,1,'2022-07-03','Login','Acceso','Se accedió al sistema'),(276,2,'2022-07-03','Login','Acceso','Se accedió al sistema'),(277,5,'2022-07-03','Login','Acceso','Se accedió al sistema'),(278,6,'2022-07-03','Login','Acceso','Se accedió al sistema'),(279,13,'2022-07-03','Login','Acceso','Se accedió al sistema'),(280,5,'2022-07-03','Login','Acceso','Se accedió al sistema'),(281,2,'2022-07-03','Login','Acceso','Se accedió al sistema'),(282,2,'2022-07-03','Encuesta','Aprobar','El supervisor del policlínico aprobó la encuesta: 72061011026'),(283,2,'2022-07-03','Encuesta','Aprobar','El supervisor del policlínico aprobó la encuesta: 77061011027'),(284,2,'2022-07-03','Encuesta','Aprobar','El supervisor del policlínico aprobó la encuesta: 81031411031'),(285,2,'2022-07-03','Encuesta','Aprobar','El supervisor del policlínico aprobó la encuesta: 85031921610'),(286,2,'2022-07-03','Encuesta','Aprobar','El supervisor del policlínico aprobó la encuesta: 77061011026'),(287,2,'2022-07-03','Encuesta','Aprobar','El supervisor del policlínico aprobó la encuesta: 89061023110'),(288,1,'2022-07-03','Login','Acceso','Se accedió al sistema'),(289,1,'2022-07-03','Login','Acceso','Se accedió al sistema'),(290,5,'2022-07-03','Login','Acceso','Se accedió al sistema'),(291,5,'2022-07-03','Encuesta','Aprobar','El supervisor municipipal aprobó la encuesta: 72061011026'),(292,5,'2022-07-03','Encuesta','Aprobar','El supervisor municipipal aprobó la encuesta: 77061011027'),(293,5,'2022-07-03','Encuesta','Aprobar','El supervisor municipipal aprobó la encuesta: 81031411031'),(294,5,'2022-07-03','Encuesta','Aprobar','El supervisor municipipal aprobó la encuesta: 85031921610'),(295,5,'2022-07-03','Encuesta','Aprobar','El supervisor municipipal aprobó la encuesta: 77061011026'),(296,5,'2022-07-03','Encuesta','Aprobar','El supervisor municipipal aprobó la encuesta: 89061023110'),(297,1,'2022-07-03','Login','Acceso','Se accedió al sistema'),(298,6,'2022-07-03','Login','Acceso','Se accedió al sistema'),(299,6,'2022-07-03','Encuesta','Aprobar','El supervisor provincial aprobó la encuesta: 72061011026'),(300,6,'2022-07-03','Encuesta','Aprobar','El supervisor provincial aprobó la encuesta: 77061011027'),(301,6,'2022-07-03','Encuesta','Aprobar','El supervisor provincial aprobó la encuesta: 81031411031'),(302,6,'2022-07-03','Encuesta','Aprobar','El supervisor provincial aprobó la encuesta: 85031921610'),(303,6,'2022-07-03','Encuesta','Aprobar','El supervisor provincial aprobó la encuesta: 77061011026'),(304,6,'2022-07-03','Encuesta','Aprobar','El supervisor provincial aprobó la encuesta: 89061023110'),(305,1,'2022-07-03','Login','Acceso','Se accedió al sistema'),(306,1,'2022-07-03','Login','Acceso','Se accedió al sistema'),(307,13,'2022-07-03','Login','Acceso','Se accedió al sistema'),(308,13,'2022-07-03','Encuesta','Aprobar','El supervisor nacional aprobó la encuesta: 72061011026'),(309,13,'2022-07-03','Encuesta','Aprobar','El supervisor nacional aprobó la encuesta: 77061011027'),(310,13,'2022-07-03','Encuesta','Aprobar','El supervisor nacional aprobó la encuesta: 81031411031'),(311,13,'2022-07-03','Encuesta','Aprobar','El supervisor nacional aprobó la encuesta: 85031921610'),(312,13,'2022-07-03','Encuesta','Aprobar','El supervisor nacional aprobó la encuesta: 77061011026'),(313,13,'2022-07-03','Encuesta','Aprobar','El supervisor nacional aprobó la encuesta: 89061023110'),(314,1,'2022-07-03','Login','Acceso','Se accedió al sistema'),(315,1,'2022-07-03','Login','Acceso','Se accedió al sistema'),(316,1,'2022-07-03','Login','Acceso','Se accedió al sistema'),(317,5,'2022-07-03','Login','Acceso','Se accedió al sistema'),(318,1,'2022-07-04','Login','Acceso','Se accedió al sistema'),(319,1,'2022-07-04','Login','Acceso','Se accedió al sistema'),(320,1,'2022-07-04','Login','Acceso','Se accedió al sistema'),(321,1,'2022-07-04','Login','Acceso','Se accedió al sistema'),(322,1,'2022-07-04','Login','Acceso','Se accedió al sistema'),(323,1,'2022-07-04','Login','Acceso','Se accedió al sistema'),(324,1,'2022-07-04','Login','Acceso','Se accedió al sistema'),(325,1,'2022-07-04','Login','Acceso','Se accedió al sistema'),(326,1,'2022-07-04','Encuesta','Insertar','Se insertaron los datos generales de la encuesta: 79061011026'),(327,1,'2022-07-04','Encuesta','Insertar','Se insertaron las preguntas de la encuesta: 79061011026'),(328,1,'2022-07-04','Encuesta','Modificar','Se modificaron los datos generales de la encuesta: 79061011026'),(329,1,'2022-07-04','Encuesta','Modificar','Se modificaron las preguntas de la encuesta: 79061011026'),(330,2,'2022-07-04','Login','Acceso','Se accedió al sistema'),(336,2,'2022-07-04','Encuesta','Aprobar','El supervisor del policlínico aprobó la encuesta: 72061011026'),(337,2,'2022-07-04','Encuesta','Notificar','El supervisor del policlínico fue notificado.'),(338,5,'2022-07-04','Login','Acceso','Se accedió al sistema'),(339,5,'2022-07-04','Encuesta','Aprobar','El supervisor municipipal aprobó la encuesta: 72061011026'),(340,5,'2022-07-04','Encuesta','Notificar','El supervisor municipipal fue notificado.'),(341,6,'2022-07-04','Login','Acceso','Se accedió al sistema'),(343,6,'2022-07-04','Encuesta','Aprobar','El supervisor provincial aprobó la encuesta: 72061011026'),(344,6,'2022-07-04','Encuesta','Notificar','El supervisor provincial fue notificado.'),(345,13,'2022-07-04','Login','Acceso','Se accedió al sistema'),(346,13,'2022-07-04','Encuesta','Aprobar','El supervisor nacional aprobó la encuesta: 72061011026'),(347,13,'2022-07-04','Encuesta','Notificar','El supervisor nacional fue notificado.'),(348,2,'2022-07-04','Login','Acceso','Se accedió al sistema'),(349,2,'2022-07-04','Encuesta','Aprobar','El supervisor del policlínico aprobó la encuesta: 77061011027'),(350,2,'2022-07-04','Encuesta','Notificar','El supervisor del policlínico fue notificado.'),(351,5,'2022-07-04','Login','Acceso','Se accedió al sistema'),(352,5,'2022-07-04','Encuesta','Aprobar','El supervisor municipipal aprobó la encuesta: 77061011027'),(353,5,'2022-07-04','Encuesta','Notificar','El supervisor municipipal fue notificado.'),(354,6,'2022-07-04','Login','Acceso','Se accedió al sistema'),(355,6,'2022-07-04','Encuesta','Aprobar','El supervisor provincial aprobó la encuesta: 77061011027'),(356,6,'2022-07-04','Encuesta','Notificar','El supervisor provincial fue notificado.'),(357,13,'2022-07-04','Login','Acceso','Se accedió al sistema'),(358,13,'2022-07-04','Encuesta','Aprobar','El supervisor nacional aprobó la encuesta: 77061011027'),(359,13,'2022-07-04','Encuesta','Notificar','El supervisor nacional fue notificado.'),(360,1,'2022-07-05','Login','Acceso','Se accedió al sistema'),(361,1,'2022-07-05','Login','Acceso','Se accedió al sistema'),(362,1,'2022-07-05','Login','Acceso','Se accedió al sistema'),(363,1,'2022-07-05','Login','Acceso','Se accedió al sistema'),(364,1,'2022-07-05','Login','Acceso','Se accedió al sistema'),(365,1,'2022-07-05','Login','Acceso','Se accedió al sistema'),(366,1,'2022-07-05','Login','Acceso','Se accedió al sistema'),(367,1,'2022-07-05','Login','Acceso','Se accedió al sistema'),(368,1,'2022-07-05','Login','Acceso','Se accedió al sistema'),(369,1,'2022-07-05','Login','Acceso','Se accedió al sistema'),(370,1,'2022-07-05','Login','Acceso','Se accedió al sistema'),(371,1,'2022-07-05','Login','Acceso','Se accedió al sistema'),(372,1,'2022-07-05','Login','Acceso','Se accedió al sistema'),(373,1,'2022-07-05','Login','Acceso','Se accedió al sistema'),(374,1,'2022-07-05','Login','Acceso','Se accedió al sistema'),(375,1,'2022-07-05','Login','Acceso','Se accedió al sistema'),(376,1,'2022-07-05','Login','Acceso','Se accedió al sistema'),(377,1,'2022-07-05','Login','Acceso','Se accedió al sistema'),(378,1,'2022-07-05','Login','Acceso','Se accedió al sistema'),(379,1,'2022-07-05','Login','Acceso','Se accedió al sistema'),(380,1,'2022-07-05','Login','Acceso','Se accedió al sistema'),(381,1,'2022-07-05','Login','Acceso','Se accedió al sistema'),(382,1,'2022-07-05','Login','Acceso','Se accedió al sistema'),(383,1,'2022-07-05','Login','Acceso','Se accedió al sistema'),(384,1,'2022-07-05','Login','Acceso','Se accedió al sistema'),(385,1,'2022-07-05','Login','Acceso','Se accedió al sistema'),(386,1,'2022-07-05','Login','Acceso','Se accedió al sistema'),(387,1,'2022-07-05','Login','Acceso','Se accedió al sistema'),(388,1,'2022-07-05','Login','Acceso','Se accedió al sistema'),(389,1,'2022-07-05','Login','Acceso','Se accedió al sistema'),(390,1,'2022-07-05','Login','Acceso','Se accedió al sistema'),(391,1,'2022-07-05','Login','Acceso','Se accedió al sistema'),(392,1,'2022-07-05','Login','Acceso','Se accedió al sistema'),(393,1,'2022-07-05','Login','Acceso','Se accedió al sistema'),(394,1,'2022-07-05','Login','Acceso','Se accedió al sistema'),(395,1,'2022-07-05','Login','Acceso','Se accedió al sistema'),(396,1,'2022-07-05','Login','Acceso','Se accedió al sistema'),(397,1,'2022-07-05','Login','Acceso','Se accedió al sistema'),(398,1,'2022-07-05','Login','Acceso','Se accedió al sistema'),(399,1,'2022-07-05','Login','Acceso','Se accedió al sistema'),(400,1,'2022-07-05','Login','Acceso','Se accedió al sistema'),(401,1,'2022-07-05','Login','Acceso','Se accedió al sistema'),(402,1,'2022-07-05','Login','Acceso','Se accedió al sistema'),(403,1,'2022-07-05','Login','Acceso','Se accedió al sistema'),(404,1,'2022-07-05','Login','Acceso','Se accedió al sistema'),(405,1,'2022-07-05','Login','Acceso','Se accedió al sistema'),(406,1,'2022-07-05','Login','Acceso','Se accedió al sistema'),(407,1,'2022-07-05','Login','Acceso','Se accedió al sistema'),(408,1,'2022-07-05','Login','Acceso','Se accedió al sistema'),(409,1,'2022-07-05','Login','Acceso','Se accedió al sistema'),(410,1,'2022-07-05','Login','Acceso','Se accedió al sistema'),(411,1,'2022-07-05','Login','Acceso','Se accedió al sistema'),(412,1,'2022-07-05','Login','Acceso','Se accedió al sistema'),(413,1,'2022-07-05','Login','Acceso','Se accedió al sistema'),(414,1,'2022-07-05','Login','Acceso','Se accedió al sistema'),(415,1,'2022-07-05','Encuesta','Eliminar','Se eliminaron las preguntas de la encuesta: 72061011026'),(416,1,'2022-07-05','Encuesta','Eliminar','Se eliminaron los datos generales de la encuesta: 72061011026'),(417,1,'2022-07-05','Login','Acceso','Se accedió al sistema'),(418,1,'2022-07-05','Login','Acceso','Se accedió al sistema'),(419,1,'2022-07-05','Encuesta','Eliminar','Se eliminaron las preguntas de la encuesta: 77061011027'),(420,1,'2022-07-05','Encuesta','Eliminar','Se eliminaron los datos generales de la encuesta: 77061011027'),(421,1,'2022-07-05','Encuesta','Eliminar','Se eliminaron las preguntas de la encuesta: 81031411031'),(422,1,'2022-07-05','Encuesta','Eliminar','Se eliminaron los datos generales de la encuesta: 81031411031'),(423,1,'2022-07-05','Encuesta','Eliminar','Se eliminaron las preguntas de la encuesta: 85031921610'),(424,1,'2022-07-05','Encuesta','Eliminar','Se eliminaron los datos generales de la encuesta: 85031921610'),(425,1,'2022-07-05','Encuesta','Eliminar','Se eliminaron las preguntas de la encuesta: 77061011026'),(426,1,'2022-07-05','Encuesta','Eliminar','Se eliminaron los datos generales de la encuesta: 77061011026'),(427,1,'2022-07-05','Encuesta','Eliminar','Se eliminaron las preguntas de la encuesta: 89061023110'),(428,1,'2022-07-05','Encuesta','Eliminar','Se eliminaron los datos generales de la encuesta: 89061023110'),(429,1,'2022-07-05','Encuesta','Eliminar','Se eliminaron las preguntas de la encuesta: 79061011026'),(430,1,'2022-07-05','Encuesta','Eliminar','Se eliminaron los datos generales de la encuesta: 79061011026'),(431,1,'2022-07-05','Encuesta','Insertar','Se insertaron los datos generales de la encuesta: 72061011026'),(432,1,'2022-07-05','Encuesta','Insertar','Se insertaron las preguntas de la encuesta: 72061011026'),(433,1,'2022-07-05','Encuesta','Eliminar','Se eliminaron las preguntas de la encuesta: 72061011026'),(434,1,'2022-07-05','Encuesta','Eliminar','Se eliminaron los datos generales de la encuesta: 72061011026'),(435,1,'2022-07-05','Encuesta','Insertar','Se insertaron los datos generales de la encuesta: 72061011026'),(436,1,'2022-07-05','Encuesta','Insertar','Se insertaron las preguntas de la encuesta: 72061011026'),(437,1,'2022-07-05','Encuesta','Notificar','El supervisor del policlínico fue notificado.'),(438,2,'2022-07-06','Login','Acceso','Se accedió al sistema'),(439,2,'2022-07-06','Login','Acceso','Se accedió al sistema'),(440,2,'2022-07-06','Login','Acceso','Se accedió al sistema'),(441,2,'2022-07-06','Encuesta','Aprobar','El supervisor del policlínico aprobó la encuesta: 72061011026'),(442,2,'2022-07-06','Encuesta','Notificar','El supervisor del policlínico fue notificado.'),(443,2,'2022-07-06','Login','Acceso','Se accedió al sistema'),(444,2,'2022-07-06','Login','Acceso','Se accedió al sistema'),(445,2,'2022-07-06','Encuesta','Aprobar','El supervisor del policlínico aprobó la encuesta: 72061011026'),(446,2,'2022-07-06','Encuesta','Notificar','El supervisor del policlínico fue notificado.'),(447,2,'2022-07-06','Login','Acceso','Se accedió al sistema'),(448,5,'2022-07-06','Login','Acceso','Se accedió al sistema'),(449,5,'2022-07-06','Encuesta','Aprobar','El supervisor municipipal aprobó la encuesta: 72061011026'),(450,5,'2022-07-06','Encuesta','Notificar','El supervisor municipipal fue notificado.'),(451,5,'2022-07-06','Login','Acceso','Se accedió al sistema'),(452,5,'2022-07-06','Encuesta','Aprobar','El supervisor municipipal aprobó la encuesta: 72061011026'),(453,5,'2022-07-06','Encuesta','Notificar','El supervisor municipipal fue notificado.'),(454,6,'2022-07-06','Login','Acceso','Se accedió al sistema'),(455,6,'2022-07-06','Encuesta','Aprobar','El supervisor provincial aprobó la encuesta: 72061011026'),(456,6,'2022-07-06','Encuesta','Notificar','El supervisor provincial fue notificado.'),(457,5,'2022-07-06','Login','Acceso','Se accedió al sistema'),(458,13,'2022-07-06','Login','Acceso','Se accedió al sistema'),(459,13,'2022-07-06','Encuesta','Aprobar','El supervisor nacional aprobó la encuesta: 72061011026'),(460,13,'2022-07-06','Encuesta','Notificar','El supervisor nacional fue notificado.'),(461,13,'2022-07-06','Encuesta','Aprobar','El supervisor nacional aprobó la encuesta: 72061011026'),(462,13,'2022-07-06','Encuesta','Notificar','El supervisor nacional fue notificado.'),(468,13,'2022-07-06','Encuesta','Aprobar','El supervisor nacional aprobó la encuesta: 72061011026'),(469,13,'2022-07-06','Encuesta','Notificar','El supervisor nacional fue notificado.'),(470,1,'2022-07-06','Login','Acceso','Se accedió al sistema'),(471,1,'2022-07-06','Encuesta','Insertar','Se insertaron los datos generales de la encuesta: 88061011026'),(472,1,'2022-07-06','Encuesta','Insertar','Se insertaron las preguntas de la encuesta: 88061011026'),(473,1,'2022-07-06','Encuesta','Notificar','El supervisor del policlínico fue notificado.'),(474,5,'2022-07-06','Login','Acceso','Se accedió al sistema'),(475,1,'2022-07-06','Login','Acceso','Se accedió al sistema'),(476,1,'2022-07-06','Encuesta','Eliminar','Se eliminaron las preguntas de la encuesta: 88061011026'),(477,1,'2022-07-06','Encuesta','Eliminar','Se eliminaron los datos generales de la encuesta: 88061011026'),(478,1,'2022-07-06','Encuesta','Insertar','Se insertaron los datos generales de la encuesta: 88061011026'),(479,1,'2022-07-06','Encuesta','Insertar','Se insertaron las preguntas de la encuesta: 88061011026'),(480,1,'2022-07-06','Encuesta','Notificar','El supervisor del policlínico fue notificado.'),(481,5,'2022-07-06','Login','Acceso','Se accedió al sistema'),(482,2,'2022-07-06','Login','Acceso','Se accedió al sistema'),(483,2,'2022-07-06','Encuesta','Aprobar','El supervisor del policlínico aprobó la encuesta: 88061011026'),(484,2,'2022-07-06','Encuesta','Notificar','El supervisor del policlínico fue notificado.'),(485,5,'2022-07-06','Login','Acceso','Se accedió al sistema'),(486,5,'2022-07-06','Login','Acceso','Se accedió al sistema'),(487,5,'2022-07-06','Login','Acceso','Se accedió al sistema'),(488,1,'2022-07-08','Login','Acceso','Se accedió al sistema'),(489,1,'2022-07-08','Pregunta','Insertar','Se insertó una nueva pregunta con el código: d4456'),(490,1,'2022-07-08','Login','Acceso','Se accedió al sistema'),(491,1,'2022-07-08','Login','Acceso','Se accedió al sistema'),(492,1,'2022-07-08','Pregunta','Eliminar','Se eliminó la pregunta con el código: d4456'),(493,1,'2022-07-08','Login','Acceso','Se accedió al sistema'),(494,1,'2022-07-08','Login','Acceso','Se accedió al sistema'),(495,1,'2022-07-08','Login','Acceso','Se accedió al sistema'),(496,1,'2022-07-08','Login','Acceso','Se accedió al sistema'),(497,1,'2022-07-08','Login','Acceso','Se accedió al sistema'),(498,1,'2022-07-08','Login','Acceso','Se accedió al sistema'),(499,1,'2022-07-08','Login','Acceso','Se accedió al sistema'),(500,1,'2022-07-08','Login','Acceso','Se accedió al sistema'),(501,1,'2022-07-09','Login','Acceso','Se accedió al sistema'),(502,1,'2022-07-14','Login','Acceso','Se accedió al sistema'),(503,1,'2022-07-14','Usuario','Insertar','Se insertó el usuario: Yanelis QA Administrador'),(504,104,'2022-07-14','Login','Acceso','Se accedió al sistema'),(505,104,'2022-07-14','Login','Acceso','Se accedió al sistema'),(506,104,'2022-07-14','Login','Acceso','Se accedió al sistema'),(507,104,'2022-07-14','Login','Acceso','Se accedió al sistema'),(508,1,'2022-07-16','Login','Acceso','Se accedió al sistema'),(509,1,'2022-07-16','Login','Acceso','Se accedió al sistema'),(510,1,'2022-07-16','Login','Acceso','Se accedió al sistema'),(511,2,'2022-07-16','Login','Acceso','Se accedió al sistema'),(512,1,'2022-08-02','Login','Acceso','Se accedió al sistema'),(513,1,'2022-08-03','Login','Acceso','Se accedió al sistema'),(514,1,'2022-08-04','Login','Acceso','Se accedió al sistema'),(515,1,'2022-08-04','Login','Acceso','Se accedió al sistema'),(516,1,'2022-08-04','Login','Acceso','Se accedió al sistema'),(517,1,'2022-08-05','Login','Acceso','Se accedió al sistema'),(518,1,'2022-08-06','Login','Acceso','Se accedió al sistema'),(519,1,'2022-08-07','Login','Acceso','Se accedió al sistema'),(520,1,'2022-08-07','Login','Acceso','Se accedió al sistema'),(521,1,'2022-08-11','Login','Acceso','Se accedió al sistema'),(522,1,'2022-08-11','Login','Acceso','Se accedió al sistema'),(523,1,'2022-08-11','Login','Acceso','Se accedió al sistema'),(524,1,'2022-08-11','Login','Acceso','Se accedió al sistema'),(525,1,'2022-08-11','Login','Acceso','Se accedió al sistema'),(526,1,'2022-08-11','Encuesta','Modificar','Se modificaron los datos generales de la encuesta: 88061011026'),(527,1,'2022-08-11','Encuesta','Modificar','Se modificaron las preguntas de la encuesta: 88061011026'),(528,1,'2022-08-11','Login','Acceso','Se accedió al sistema'),(529,1,'2022-08-12','Login','Acceso','Se accedió al sistema'),(530,1,'2022-08-12','Login','Acceso','Se accedió al sistema'),(531,1,'2022-08-12','Login','Acceso','Se accedió al sistema'),(532,1,'2022-08-12','Login','Acceso','Se accedió al sistema'),(533,1,'2022-08-12','Login','Acceso','Se accedió al sistema'),(534,1,'2022-08-12','Login','Acceso','Se accedió al sistema'),(535,1,'2022-08-12','Login','Acceso','Se accedió al sistema'),(536,1,'2022-08-12','Login','Acceso','Se accedió al sistema'),(537,1,'2022-08-12','Login','Acceso','Se accedió al sistema'),(538,1,'2022-08-12','Login','Acceso','Se accedió al sistema'),(539,1,'2022-08-12','Login','Acceso','Se accedió al sistema'),(540,1,'2022-08-13','Login','Acceso','Se accedió al sistema'),(541,1,'2022-08-13','Login','Acceso','Se accedió al sistema'),(542,1,'2022-08-13','Login','Acceso','Se accedió al sistema'),(543,1,'2022-08-13','Login','Acceso','Se accedió al sistema'),(544,1,'2022-08-13','Login','Acceso','Se accedió al sistema'),(545,1,'2022-08-13','Login','Acceso','Se accedió al sistema'),(546,1,'2022-08-13','Login','Acceso','Se accedió al sistema'),(547,1,'2022-08-13','Login','Acceso','Se accedió al sistema'),(548,1,'2022-08-13','Login','Acceso','Se accedió al sistema'),(549,1,'2022-08-13','Login','Acceso','Se accedió al sistema'),(550,1,'2022-08-13','Login','Acceso','Se accedió al sistema'),(551,1,'2022-08-13','Login','Acceso','Se accedió al sistema'),(552,1,'2022-08-13','Login','Acceso','Se accedió al sistema'),(553,1,'2022-08-13','Login','Acceso','Se accedió al sistema'),(554,1,'2022-08-13','Login','Acceso','Se accedió al sistema'),(556,1,'2022-08-13','Encuesta','Insertar','Se insertaron los datos generales de la persona: 72061011026'),(557,1,'2022-08-13','Encuesta','Insertar','Se insertaron los datos generales de la encuesta: 72061011026'),(558,1,'2022-08-13','Encuesta','Insertar','Se insertaron las preguntas de la encuesta: 72061011026'),(559,1,'2022-08-13','Encuesta','Notificar','El supervisor del policlínico fue notificado.'),(560,1,'2022-08-13','Login','Acceso','Se accedió al sistema'),(561,1,'2022-08-13','Login','Acceso','Se accedió al sistema'),(562,1,'2022-08-13','Encuesta','Insertar','Se insertaron los datos generales de la persona: 72061011026'),(563,1,'2022-08-13','Encuesta','Insertar','Se insertaron los datos generales de la encuesta: 72061011026'),(564,1,'2022-08-13','Encuesta','Insertar','Se insertaron las preguntas de la encuesta: 72061011026'),(565,1,'2022-08-13','Encuesta','Notificar','El supervisor del policlínico fue notificado.'),(566,1,'2022-08-13','Login','Acceso','Se accedió al sistema'),(567,1,'2022-08-13','Login','Acceso','Se accedió al sistema'),(568,1,'2022-08-13','Encuesta','Modificar','Se modificaron los datos generales de la persona: 72061011026'),(569,1,'2022-08-13','Encuesta','Modificar','Se modificaron los datos generales de la encuesta: 72061011026'),(570,1,'2022-08-13','Encuesta','Modificar','Se modificaron las preguntas de la encuesta: 72061011026'),(571,1,'2022-08-13','Login','Acceso','Se accedió al sistema'),(572,1,'2022-08-13','Login','Acceso','Se accedió al sistema'),(573,1,'2022-08-13','Login','Acceso','Se accedió al sistema'),(574,1,'2022-08-15','Login','Acceso','Se accedió al sistema'),(575,1,'2022-08-15','Login','Acceso','Se accedió al sistema'),(576,2,'2022-08-15','Login','Acceso','Se accedió al sistema'),(577,2,'2022-08-15','Encuesta','Aprobar','El supervisor del policlínico aprobó la encuesta: 72061011026'),(578,2,'2022-08-15','Encuesta','Notificar','El supervisor del policlínico fue notificado.'),(579,1,'2022-08-19','Login','Acceso','Se accedió al sistema'),(580,1,'2022-08-19','Login','Acceso','Se accedió al sistema'),(581,1,'2022-08-22','Login','Acceso','Se accedió al sistema'),(582,1,'2022-08-22','Login','Acceso','Se accedió al sistema'),(583,1,'2022-08-22','Login','Acceso','Se accedió al sistema'),(584,1,'2022-08-22','Login','Acceso','Se accedió al sistema'),(585,1,'2022-08-22','Login','Acceso','Se accedió al sistema'),(586,1,'2022-08-22','Login','Acceso','Se accedió al sistema'),(587,1,'2022-08-22','Login','Acceso','Se accedió al sistema'),(588,1,'2022-08-23','Login','Acceso','Se accedió al sistema'),(589,1,'2022-08-23','Login','Acceso','Se accedió al sistema'),(590,1,'2022-08-23','Login','Acceso','Se accedió al sistema'),(591,1,'2022-08-23','Login','Acceso','Se accedió al sistema'),(592,1,'2022-08-23','Login','Acceso','Se accedió al sistema'),(593,1,'2022-08-29','Login','Acceso','Se accedió al sistema'),(594,1,'2022-08-29','Login','Acceso','Se accedió al sistema'),(595,1,'2022-08-29','Pregunta','Insertar','Se insertó una nueva pregunta con el código: d130'),(596,1,'2022-08-29','Pregunta','Insertar','Se insertó una nueva pregunta con el código: d160'),(597,1,'2022-08-29','Login','Acceso','Se accedió al sistema'),(598,1,'2022-08-29','Login','Acceso','Se accedió al sistema'),(599,1,'2022-08-29','Pregunta','Modificar','Se modificó la pregunta con el código: d415'),(600,1,'2022-08-29','Pregunta','Modificar','Se modificó la pregunta con el código: d4104'),(601,1,'2022-08-29','Pregunta','Insertar','Se insertó una nueva pregunta con el código: d450'),(602,1,'2022-08-29','Pregunta','Modificar','Se modificó la pregunta con el código: d455'),(603,1,'2022-08-29','Pregunta','Modificar','Se modificó la pregunta con el código: d4600'),(604,1,'2022-08-29','Pregunta','Modificar','Se modificó la pregunta con el código: d4601'),(605,1,'2022-08-29','Pregunta','Modificar','Se modificó la pregunta con el código: d465'),(606,1,'2022-08-29','Login','Acceso','Se accedió al sistema'),(607,1,'2022-08-29','Login','Acceso','Se accedió al sistema'),(608,1,'2022-08-29','Pregunta','Modificar','Se modificó la pregunta con el código: d160'),(609,1,'2022-08-29','Pregunta','Modificar','Se modificó la pregunta con el código: d465'),(610,1,'2022-08-29','Pregunta','Modificar','Se modificó la pregunta con el código: d470'),(611,1,'2022-08-29','Pregunta','Modificar','Se modificó la pregunta con el código: d475'),(612,1,'2022-08-29','Pregunta','Modificar','Se modificó la pregunta con el código: d480'),(613,1,'2022-08-29','Pregunta','Modificar','Se modificó la pregunta con el código: d530'),(614,1,'2022-08-29','Pregunta','Insertar','Se insertó una nueva pregunta con el código: d620'),(615,1,'2022-08-29','Pregunta','Modificar','Se modificó la pregunta con el código: d650'),(616,1,'2022-08-29','Pregunta','Insertar','Se insertó una nueva pregunta con el código: d660'),(617,1,'2022-08-29','Pregunta','Modificar','Se modificó la pregunta con el código: d710'),(618,1,'2022-08-29','Pregunta','Modificar','Se modificó la pregunta con el código: d740'),(619,1,'2022-08-29','Pregunta','Modificar','Se modificó la pregunta con el código: d750'),(620,1,'2022-08-29','Pregunta','Modificar','Se modificó la pregunta con el código: d760'),(621,1,'2022-08-29','Pregunta','Modificar','Se modificó la pregunta con el código: d770'),(622,1,'2022-08-29','Pregunta','Modificar','Se modificó la pregunta con el código: d820'),(623,1,'2022-08-29','Pregunta','Modificar','Se modificó la pregunta con el código: d8200'),(624,1,'2022-08-29','Pregunta','Modificar','Se modificó la pregunta con el código: d845'),(625,1,'2022-08-29','Pregunta','Modificar','Se modificó la pregunta con el código: d859'),(626,1,'2022-08-29','Pregunta','Modificar','Se modificó la pregunta con el código: d860'),(627,1,'2022-08-29','Pregunta','Modificar','Se modificó la pregunta con el código: d870'),(628,1,'2022-08-29','Pregunta','Eliminar','Se eliminó la pregunta con el código: d865'),(629,1,'2022-08-29','Pregunta','Modificar','Se modificó la pregunta con el código: d878'),(630,1,'2022-08-29','Pregunta','Modificar','Se modificó la pregunta con el código: d801'),(631,1,'2022-08-29','Pregunta','Modificar','Se modificó la pregunta con el código: d910'),(632,1,'2022-08-29','Pregunta','Modificar','Se modificó la pregunta con el código: d9103'),(633,1,'2022-08-29','Pregunta','Modificar','Se modificó la pregunta con el código: d920'),(634,1,'2022-08-29','Pregunta','Modificar','Se modificó la pregunta con el código: d9201'),(635,1,'2022-08-29','Pregunta','Modificar','Se modificó la pregunta con el código: d9201'),(636,1,'2022-08-29','Pregunta','Modificar','Se modificó la pregunta con el código: d9203'),(637,1,'2022-08-29','Pregunta','Modificar','Se modificó la pregunta con el código: d9204'),(638,1,'2022-08-29','Pregunta','Modificar','Se modificó la pregunta con el código: d9205'),(639,1,'2022-08-29','Pregunta','Modificar','Se modificó la pregunta con el código: d930'),(640,1,'2022-08-29','Login','Acceso','Se accedió al sistema'),(641,1,'2022-08-29','Login','Acceso','Se accedió al sistema'),(642,1,'2022-08-29','Login','Acceso','Se accedió al sistema'),(643,1,'2022-08-29','Login','Acceso','Se accedió al sistema'),(644,1,'2022-08-30','Login','Acceso','Se accedió al sistema'),(645,1,'2022-08-30','Login','Acceso','Se accedió al sistema'),(646,1,'2022-08-30','Encuesta','Eliminar','Se eliminaron las preguntas de la encuesta: 72061011026'),(647,1,'2022-08-30','Encuesta','Eliminar','Se eliminaron los datos generales de la encuesta: 72061011026'),(648,1,'2022-08-30','Encuesta','Insertar','Se insertaron los datos generales de la persona: 72061011026'),(649,1,'2022-08-30','Encuesta','Insertar','Se insertaron los datos generales de la encuesta: 72061011026'),(650,1,'2022-08-30','Encuesta','Insertar','Se insertaron las preguntas de la encuesta: 72061011026'),(651,1,'2022-08-30','Encuesta','Notificar','El supervisor del policlínico fue notificado.'),(652,1,'2022-08-30','Login','Acceso','Se accedió al sistema'),(653,1,'2022-10-11','Login','Acceso','Se accedió al sistema'),(654,1,'2022-10-12','Login','Acceso','Se accedió al sistema'),(655,1,'2022-10-12','Login','Acceso','Se accedió al sistema'),(656,1,'2022-10-12','Login','Acceso','Se accedió al sistema'),(657,1,'2022-10-12','Login','Acceso','Se accedió al sistema'),(658,1,'2022-10-15','Login','Acceso','Se accedió al sistema'),(659,1,'2022-10-19','Login','Acceso','Se accedió al sistema'),(660,1,'2022-11-01','Login','Acceso','Se accedió al sistema'),(661,1,'2022-11-01','Policlínico','Insertar','Se modificó el policlínico con el nombre: Ernesto Guevara de la Serna1'),(662,1,'2022-11-01','Policlínico','Insertar','Se modificó el policlínico con el nombre: Ernesto Guevara de la Serna'),(663,1,'2022-11-01','Policlínico','Insertar','Se insertó un nuevo policlínico con el nombre: El Mio'),(667,1,'2022-11-01','Policlínico','Insertar','Se insertó un nuevo policlínico con el nombre: Oyeeee si'),(668,1,'2022-11-01','Policlínico','Insertar','Se modificó el policlínico con el nombre: Oyeeee si'),(669,1,'2022-11-01','Policlínico','Eliminar','Se eliminó el policlínico con el nombre: Oyeeee si'),(670,1,'2022-11-01','Policlínico','Eliminar','Se eliminó el policlínico con el nombre: El Mio'),(671,1,'2022-11-09','Login','Acceso','Se accedió al sistema'),(672,1,'2022-11-09','Login','Acceso','Se accedió al sistema'),(673,1,'2022-11-09','Login','Acceso','Se accedió al sistema'),(674,1,'2022-11-09','Login','Acceso','Se accedió al sistema'),(675,1,'2022-11-09','Login','Acceso','Se accedió al sistema'),(676,1,'2022-11-09','Login','Acceso','Se accedió al sistema'),(677,1,'2022-11-09','Login','Acceso','Se accedió al sistema'),(678,1,'2022-11-09','Login','Acceso','Se accedió al sistema'),(679,1,'2022-11-09','Login','Acceso','Se accedió al sistema'),(680,1,'2022-11-09','Login','Acceso','Se accedió al sistema'),(681,1,'2022-11-09','Login','Acceso','Se accedió al sistema'),(682,1,'2022-11-09','Login','Acceso','Se accedió al sistema'),(683,1,'2022-11-09','Login','Acceso','Se accedió al sistema'),(684,1,'2022-11-09','Login','Acceso','Se accedió al sistema'),(685,1,'2022-11-09','Login','Acceso','Se accedió al sistema'),(686,1,'2022-11-09','Login','Acceso','Se accedió al sistema'),(687,1,'2022-11-09','Login','Acceso','Se accedió al sistema'),(688,1,'2022-11-09','Login','Acceso','Se accedió al sistema'),(689,1,'2022-11-09','Login','Acceso','Se accedió al sistema'),(690,1,'2022-11-09','Encuesta','Insertar','Se insertaron los datos generales de la persona: 72061011026'),(691,1,'2022-11-09','Encuesta','Insertar','Se insertaron los datos generales de la encuesta: 72061011026'),(692,1,'2022-11-09','Encuesta','Insertar','Se insertaron las preguntas de la encuesta: 72061011026'),(693,1,'2022-11-09','Encuesta','Notificar','El supervisor del policlínico fue notificado.'),(694,1,'2022-11-09','Login','Acceso','Se accedió al sistema'),(695,1,'2022-11-09','Login','Acceso','Se accedió al sistema'),(696,1,'2022-11-09','Login','Acceso','Se accedió al sistema'),(697,1,'2022-11-09','Login','Acceso','Se accedió al sistema'),(698,1,'2022-11-09','Login','Acceso','Se accedió al sistema'),(699,1,'2022-11-09','Login','Acceso','Se accedió al sistema'),(700,1,'2022-11-09','Login','Acceso','Se accedió al sistema'),(701,1,'2022-11-09','Login','Acceso','Se accedió al sistema'),(702,1,'2022-11-09','Login','Acceso','Se accedió al sistema'),(703,1,'2022-11-09','Login','Acceso','Se accedió al sistema'),(704,1,'2022-11-09','Encuesta','Insertar','Se insertaron los datos generales de la persona: 72061011027'),(705,1,'2022-11-09','Encuesta','Insertar','Se insertaron los datos generales de la encuesta: 72061011027'),(706,1,'2022-11-09','Encuesta','Insertar','Se insertaron las preguntas de la encuesta: 72061011027'),(707,1,'2022-11-09','Encuesta','Notificar','El supervisor del policlínico fue notificado.'),(708,1,'2022-11-09','Login','Acceso','Se accedió al sistema'),(709,1,'2022-11-09','Encuesta','Insertar','Se insertaron los datos generales de la persona: 72061011031'),(710,1,'2022-11-09','Encuesta','Insertar','Se insertaron los datos generales de la encuesta: 72061011031'),(711,1,'2022-11-09','Encuesta','Insertar','Se insertaron las preguntas de la encuesta: 72061011031'),(712,1,'2022-11-09','Encuesta','Notificar','El supervisor del policlínico fue notificado.'),(713,1,'2022-11-09','Login','Acceso','Se accedió al sistema'),(714,1,'2022-11-09','Login','Acceso','Se accedió al sistema'),(715,1,'2022-11-09','Login','Acceso','Se accedió al sistema'),(716,1,'2022-11-09','Login','Acceso','Se accedió al sistema'),(717,1,'2022-11-09','Login','Acceso','Se accedió al sistema'),(718,1,'2022-11-09','Login','Acceso','Se accedió al sistema'),(719,1,'2022-11-09','Login','Acceso','Se accedió al sistema'),(720,1,'2022-11-09','Login','Acceso','Se accedió al sistema'),(721,1,'2022-11-09','Login','Acceso','Se accedió al sistema'),(722,1,'2022-11-09','Login','Acceso','Se accedió al sistema'),(723,1,'2022-11-09','Login','Acceso','Se accedió al sistema'),(724,1,'2022-11-09','Login','Acceso','Se accedió al sistema'),(725,1,'2022-11-09','Login','Acceso','Se accedió al sistema'),(726,1,'2022-11-09','Login','Acceso','Se accedió al sistema'),(727,1,'2022-11-09','Login','Acceso','Se accedió al sistema'),(728,1,'2022-11-09','Login','Acceso','Se accedió al sistema'),(729,1,'2022-11-09','Login','Acceso','Se accedió al sistema'),(730,1,'2022-11-09','Login','Acceso','Se accedió al sistema'),(731,1,'2022-11-09','Login','Acceso','Se accedió al sistema'),(732,1,'2022-11-09','Login','Acceso','Se accedió al sistema'),(733,1,'2022-11-09','Login','Acceso','Se accedió al sistema'),(734,1,'2022-11-09','Login','Acceso','Se accedió al sistema'),(735,1,'2022-11-09','Login','Acceso','Se accedió al sistema'),(736,1,'2022-11-09','Login','Acceso','Se accedió al sistema'),(737,1,'2022-11-09','Login','Acceso','Se accedió al sistema'),(738,1,'2022-11-09','Login','Acceso','Se accedió al sistema'),(739,1,'2022-11-09','Login','Acceso','Se accedió al sistema'),(740,1,'2022-11-09','Login','Acceso','Se accedió al sistema'),(741,1,'2022-11-09','Login','Acceso','Se accedió al sistema'),(742,1,'2022-11-09','Login','Acceso','Se accedió al sistema'),(743,1,'2022-11-09','Login','Acceso','Se accedió al sistema'),(744,1,'2022-11-09','Login','Acceso','Se accedió al sistema'),(745,1,'2022-11-09','Login','Acceso','Se accedió al sistema'),(746,1,'2022-11-09','Login','Acceso','Se accedió al sistema'),(747,1,'2022-11-09','Login','Acceso','Se accedió al sistema'),(748,1,'2022-11-09','Login','Acceso','Se accedió al sistema'),(749,1,'2022-11-09','Login','Acceso','Se accedió al sistema'),(750,1,'2022-11-09','Login','Acceso','Se accedió al sistema'),(751,1,'2022-11-09','Login','Acceso','Se accedió al sistema'),(752,1,'2022-11-09','Login','Acceso','Se accedió al sistema'),(753,1,'2022-11-09','Login','Acceso','Se accedió al sistema'),(754,1,'2022-11-09','Login','Acceso','Se accedió al sistema'),(755,1,'2022-11-09','Login','Acceso','Se accedió al sistema'),(756,1,'2022-11-09','Login','Acceso','Se accedió al sistema'),(757,1,'2022-11-09','Login','Acceso','Se accedió al sistema'),(758,1,'2022-11-09','Login','Acceso','Se accedió al sistema'),(759,1,'2022-11-09','Login','Acceso','Se accedió al sistema'),(760,1,'2022-11-10','Login','Acceso','Se accedió al sistema'),(761,1,'2022-11-10','Login','Acceso','Se accedió al sistema'),(762,1,'2022-11-10','Login','Acceso','Se accedió al sistema'),(763,1,'2022-11-10','Login','Acceso','Se accedió al sistema'),(764,1,'2022-11-10','Login','Acceso','Se accedió al sistema'),(765,1,'2022-11-10','Login','Acceso','Se accedió al sistema'),(766,1,'2022-11-10','Login','Acceso','Se accedió al sistema'),(767,1,'2022-11-10','Login','Acceso','Se accedió al sistema'),(768,1,'2022-11-10','Login','Acceso','Se accedió al sistema'),(769,1,'2022-11-10','Login','Acceso','Se accedió al sistema'),(770,1,'2022-11-10','Login','Acceso','Se accedió al sistema'),(771,1,'2022-11-10','Login','Acceso','Se accedió al sistema'),(772,1,'2022-11-10','Login','Acceso','Se accedió al sistema'),(773,1,'2022-11-10','Login','Acceso','Se accedió al sistema'),(774,1,'2022-11-10','Login','Acceso','Se accedió al sistema'),(775,1,'2022-11-10','Login','Acceso','Se accedió al sistema'),(776,1,'2022-11-10','Login','Acceso','Se accedió al sistema'),(777,1,'2022-11-10','Login','Acceso','Se accedió al sistema'),(778,1,'2022-11-10','Login','Acceso','Se accedió al sistema'),(779,1,'2022-11-10','Login','Acceso','Se accedió al sistema'),(780,1,'2022-11-10','Login','Acceso','Se accedió al sistema'),(781,1,'2022-11-10','Login','Acceso','Se accedió al sistema'),(782,1,'2022-11-10','Login','Acceso','Se accedió al sistema'),(783,1,'2022-11-10','Login','Acceso','Se accedió al sistema'),(784,1,'2022-11-10','Login','Acceso','Se accedió al sistema'),(785,1,'2022-11-10','Login','Acceso','Se accedió al sistema'),(786,1,'2022-11-10','Login','Acceso','Se accedió al sistema'),(787,1,'2022-11-10','Login','Acceso','Se accedió al sistema'),(788,1,'2022-11-10','Login','Acceso','Se accedió al sistema'),(789,1,'2022-11-10','Login','Acceso','Se accedió al sistema'),(790,1,'2022-11-10','Login','Acceso','Se accedió al sistema'),(791,1,'2022-11-10','Login','Acceso','Se accedió al sistema'),(792,1,'2022-11-10','Login','Acceso','Se accedió al sistema'),(793,1,'2022-11-10','Login','Acceso','Se accedió al sistema'),(794,1,'2022-11-10','Login','Acceso','Se accedió al sistema'),(795,1,'2022-11-10','Login','Acceso','Se accedió al sistema'),(796,1,'2022-11-10','Login','Acceso','Se accedió al sistema'),(797,1,'2022-11-10','Login','Acceso','Se accedió al sistema'),(798,1,'2022-11-10','Login','Acceso','Se accedió al sistema'),(799,1,'2022-11-10','Login','Acceso','Se accedió al sistema'),(800,1,'2022-11-10','Login','Acceso','Se accedió al sistema'),(801,1,'2022-11-10','Login','Acceso','Se accedió al sistema'),(802,1,'2022-11-10','Login','Acceso','Se accedió al sistema'),(803,1,'2022-11-10','Login','Acceso','Se accedió al sistema'),(804,1,'2022-11-10','Login','Acceso','Se accedió al sistema'),(805,1,'2022-11-10','Login','Acceso','Se accedió al sistema'),(806,1,'2022-11-10','Login','Acceso','Se accedió al sistema'),(807,1,'2022-11-10','Login','Acceso','Se accedió al sistema'),(808,1,'2022-11-10','Login','Acceso','Se accedió al sistema'),(809,1,'2022-11-10','Login','Acceso','Se accedió al sistema'),(810,1,'2022-11-10','Login','Acceso','Se accedió al sistema'),(811,1,'2022-11-10','Login','Acceso','Se accedió al sistema'),(812,1,'2022-11-10','Encuesta','Insertar','Se insertaron los datos generales de la persona: 72061011028'),(813,1,'2022-11-10','Encuesta','Insertar','Se insertaron los datos generales de la encuesta: 72061011028'),(814,1,'2022-11-10','Encuesta','Insertar','Se insertaron las preguntas de la encuesta: 72061011028'),(815,1,'2022-11-10','Encuesta','Notificar','El supervisor del policlínico fue notificado.'),(816,1,'2022-11-10','Login','Acceso','Se accedió al sistema'),(817,1,'2022-11-10','Login','Acceso','Se accedió al sistema'),(818,1,'2022-11-10','Login','Acceso','Se accedió al sistema'),(819,1,'2022-11-10','Login','Acceso','Se accedió al sistema'),(820,1,'2022-11-10','Login','Acceso','Se accedió al sistema'),(821,1,'2022-11-10','Login','Acceso','Se accedió al sistema'),(822,1,'2022-11-10','Encuesta','Insertar','Se insertaron los datos generales de la persona: 72061011029'),(823,1,'2022-11-10','Encuesta','Insertar','Se insertaron los datos generales de la encuesta: 72061011029'),(824,1,'2022-11-10','Encuesta','Insertar','Se insertaron las preguntas de la encuesta: 72061011029'),(825,1,'2022-11-10','Encuesta','Notificar','El supervisor del policlínico fue notificado.'),(826,1,'2022-11-10','Login','Acceso','Se accedió al sistema'),(827,1,'2022-11-10','Login','Acceso','Se accedió al sistema'),(828,1,'2022-11-10','Login','Acceso','Se accedió al sistema'),(829,1,'2022-11-10','Login','Acceso','Se accedió al sistema'),(830,1,'2022-11-10','Login','Acceso','Se accedió al sistema'),(831,1,'2022-11-10','Login','Acceso','Se accedió al sistema'),(832,1,'2022-11-10','Login','Acceso','Se accedió al sistema'),(833,1,'2022-11-10','Login','Acceso','Se accedió al sistema'),(834,1,'2022-11-10','Login','Acceso','Se accedió al sistema'),(835,1,'2022-11-10','Login','Acceso','Se accedió al sistema'),(836,1,'2022-11-10','Login','Acceso','Se accedió al sistema'),(837,1,'2022-11-10','Login','Acceso','Se accedió al sistema'),(838,1,'2022-11-10','Login','Acceso','Se accedió al sistema'),(839,1,'2022-11-10','Login','Acceso','Se accedió al sistema'),(840,1,'2022-11-10','Login','Acceso','Se accedió al sistema'),(841,1,'2022-11-10','Login','Acceso','Se accedió al sistema'),(842,1,'2022-11-10','Login','Acceso','Se accedió al sistema'),(843,1,'2022-11-10','Login','Acceso','Se accedió al sistema'),(844,1,'2022-11-10','Login','Acceso','Se accedió al sistema'),(845,1,'2022-11-10','Login','Acceso','Se accedió al sistema'),(846,1,'2022-11-10','Login','Acceso','Se accedió al sistema'),(847,1,'2022-11-14','Login','Acceso','Se accedió al sistema'),(848,1,'2022-11-14','Login','Acceso','Se accedió al sistema'),(849,1,'2022-11-14','Login','Acceso','Se accedió al sistema'),(850,1,'2022-11-14','Login','Acceso','Se accedió al sistema'),(851,1,'2022-11-14','Login','Acceso','Se accedió al sistema'),(852,1,'2022-11-14','Login','Acceso','Se accedió al sistema'),(853,1,'2022-12-12','Login','Acceso','Se accedió al sistema'),(854,1,'2022-12-12','Login','Acceso','Se accedió al sistema'),(855,1,'2022-12-12','Login','Acceso','Se accedió al sistema'),(856,1,'2022-12-13','Login','Acceso','Se accedió al sistema'),(857,1,'2022-12-13','Empleo','Insertar','Se insertó un nuevo empleo con el nombre: hola'),(858,1,'2022-12-13','Empleo','Modificar','Se modificó el empleo con el nombre: holaw'),(859,1,'2022-12-13','Empleo','Eliminar','Se eliminó el empleo con el nombre: holaw'),(860,1,'2022-12-17','Login','Acceso','Se accedió al sistema'),(861,1,'2022-12-17','Login','Acceso','Se accedió al sistema'),(862,1,'2022-12-17','Login','Acceso','Se accedió al sistema'),(863,1,'2022-12-17','Login','Acceso','Se accedió al sistema'),(864,1,'2022-12-17','Login','Acceso','Se accedió al sistema'),(865,1,'2022-12-17','Login','Acceso','Se accedió al sistema'),(866,1,'2022-12-17','Login','Acceso','Se accedió al sistema'),(867,1,'2022-12-17','Login','Acceso','Se accedió al sistema'),(868,1,'2022-12-17','Login','Acceso','Se accedió al sistema'),(869,1,'2022-12-17','Login','Acceso','Se accedió al sistema'),(870,1,'2022-12-17','Login','Acceso','Se accedió al sistema'),(871,1,'2022-12-17','Login','Acceso','Se accedió al sistema'),(872,1,'2022-12-17','Login','Acceso','Se accedió al sistema'),(873,1,'2022-12-17','Login','Acceso','Se accedió al sistema'),(874,1,'2022-12-17','Login','Acceso','Se accedió al sistema'),(875,1,'2022-12-17','Login','Acceso','Se accedió al sistema'),(876,1,'2022-12-17','Login','Acceso','Se accedió al sistema'),(877,1,'2022-12-17','Login','Acceso','Se accedió al sistema'),(878,1,'2022-12-22','Login','Acceso','Se accedió al sistema'),(879,1,'2022-12-22','Login','Acceso','Se accedió al sistema'),(880,1,'2022-12-22','Login','Acceso','Se accedió al sistema'),(881,1,'2022-12-22','Login','Acceso','Se accedió al sistema'),(882,1,'2022-12-22','Login','Acceso','Se accedió al sistema'),(883,1,'2022-12-22','Login','Acceso','Se accedió al sistema'),(884,1,'2022-12-22','Login','Acceso','Se accedió al sistema'),(885,1,'2022-12-22','Login','Acceso','Se accedió al sistema');
/*!40000 ALTER TABLE `traza` ENABLE KEYS */;
UNLOCK TABLES;

--
-- Table structure for table `usuario`
--

DROP TABLE IF EXISTS `usuario`;
/*!40101 SET @saved_cs_client     = @@character_set_client */;
/*!40101 SET character_set_client = utf8 */;
CREATE TABLE `usuario` (
  `id` int(11) NOT NULL AUTO_INCREMENT,
  `username` varchar(100) COLLATE utf8_unicode_ci NOT NULL,
  `password` varchar(255) COLLATE utf8_unicode_ci NOT NULL,
  `nombre` varchar(100) COLLATE utf8_unicode_ci NOT NULL,
  `primerApellido` varchar(100) COLLATE utf8_unicode_ci NOT NULL,
  `segundoApellido` varchar(100) COLLATE utf8_unicode_ci NOT NULL,
  `isActive` tinyint(1) NOT NULL,
  `profesion_id` int(11) DEFAULT NULL,
  `nivel_acceso_id` int(11) DEFAULT NULL,
  `nombreCompleto` varchar(254) COLLATE utf8_unicode_ci NOT NULL,
  `supervisor` tinyint(1) NOT NULL,
  PRIMARY KEY (`id`),
  UNIQUE KEY `UNIQ_2265B05DF85E0677` (`username`),
  KEY `IDX_2265B05DC5AF4D0F` (`profesion_id`),
  KEY `IDX_2265B05D5108D425` (`nivel_acceso_id`),
  CONSTRAINT `FK_2265B05D5108D425` FOREIGN KEY (`nivel_acceso_id`) REFERENCES `nivel_acceso` (`id`),
  CONSTRAINT `FK_2265B05DC5AF4D0F` FOREIGN KEY (`profesion_id`) REFERENCES `profesion` (`id`)
) ENGINE=InnoDB AUTO_INCREMENT=105 DEFAULT CHARSET=utf8 COLLATE=utf8_unicode_ci;
/*!40101 SET character_set_client = @saved_cs_client */;

--
-- Dumping data for table `usuario`
--

LOCK TABLES `usuario` WRITE;
/*!40000 ALTER TABLE `usuario` DISABLE KEYS */;
INSERT INTO `usuario` VALUES (1,'system','$2y$12$xUs.6Tq/1Pt.gvtHaw.io.oF5qkcPR5YcCODvQynZb7uPZ3CVBET.','Alain','Hernández','Ortiz',1,1,4,'Alain Hernández Ortiz',0),(2,'osmara.delgado','$2y$12$iW3.Y4B8cqKYVss3zJg9BOC6BWkBR/9KXwx.pzYrUxWumhaGk/ERq','Osmara','Delgado','Sanchez',1,1,1,'Osmara Delgado Sanchez',1),(3,'raiza','$2y$12$4dlIFhum/VnQqzlV8vBkkONjbYbMsQtd7o.2dDkTuatKlGakX/SQ2','Raiza Barbara','Carderon','Martinez',0,1,1,'Raiza Barbara Carderon Martinez',0),(4,'meperez','$2y$12$xUs.6Tq/1Pt.gvtHaw.io.oF5qkcPR5YcCODvQynZb7uPZ3CVBET.','Maria Elena ','Perez','Leyva',1,1,1,'Maria Elena  Perez Leyva',1),(5,'rosario','$2y$12$rIFP73kY8PLlPw0c0p82HuOqBrMxPKKylfoxSYhYuzb7CgGVQq6re','María del Rosario','Ruíz','Beruvides',1,1,2,'María del Rosario Ruíz Beruvides',1),(6,'mangel','$2y$12$ExxUslMHO3dA2MCSTw23F.gRYqei5Z6KpMWmSkB/GRD.TQrcRJ3Ly','Miguel Ángel','Martínez','Morales',1,1,3,'Miguel Ángel Martínez Morales',1),(7,'isisis','$2y$12$KSJOXUqjilxuLg4kIeNPsODbCXK312gK2w0yUKibyrucndaVebH9e','Isisis','Alonso','Expósito',1,1,4,'Isisis Alonso Expósito',0),(8,'liset','$2y$12$aq0u6wLVyBktmswwfGxxz.OOGFPYI/ezUOWwN.SFJ4M7Py0I1EXNG','Liset','Alvarez','Guerra',0,1,3,'Liset Alvarez Guerra',0),(11,'ivon','$2y$12$GxBTBiDY/FTN1/ckU6O5ROjUzl1HtHD1q6Rj/wR8V.xf49OzYm/DS','Ivón María','Cueto','Eduarte',0,1,3,'Ivón María Cueto Eduarte',0),(12,'barbarar','$2y$12$mggi6v.mk9O7hMJrZupPwef7H0Kma/0JwcAG.3Fd8L3Mmz.swV2um','Barbara Rosario','Trelles','Cacin',1,1,3,'Barbara Rosario Trelles Cacin',0),(13,'mariae','$2y$12$2lJBp8ip1JmmKWqnMt6kU.GzQGl2SJWY/fZk2h.mSJbIMAwUjqNde','Maria Elena','Bemúndez','Súarez',1,1,4,'Maria Elena Bemúndez Súarez',1),(14,'mariac','$2y$12$2FUOZQ24RPSWzhUPOtdlT.edL4xSGRNKJ6cg1g6QH7id/IL0J5nrO','María Cecilia','Jiménez','Rodríguez',1,1,3,'María Cecilia Jiménez Rodríguez',1),(15,'esperanza','$2y$12$G5uLTwDEuCIqiyU5z/NSCuP4kn9uZSTBy6SSfd5X28.vwshH2VbCe','Esperanza','Leal','Cañizarez',1,1,2,'Esperanza Leal Cañizarez',0),(16,'nancy','$2y$12$eOnIqrVywd5GXDVTFuOT5.pHHp9375xu58tLqaq1cyHIefoowY2lO','Nancy','Castillo','Cuellar',1,1,3,'Nancy Castillo Cuellar',0),(17,'amarilis','$2y$12$bAKi6H4.jomhpmPwB6dwd.19BTpBDwz1GCjwePRnZ/ezhtqgfWg6e','Amarilis','Delgado','Beruvides',1,1,3,'Amarilis Delgado Beruvides',0),(18,'niurka','$2y$12$17Ujn8dpoME6ljpk6jUYw.h6k2KoBKB1i96wtz98aV0mWEPkZyt56','Niurka','Echevarria','de León',1,1,3,'Niurka Echevarria de León',0),(19,'moraima','$2y$12$yTGIBw/9fewf66jfhSIdR.5Ua72UFCwzV1p1Zcb9SNeNvOnspp1ku','Moraima','Carnero','Castro',0,1,3,'Moraima Carnero Castro',0),(20,'leal','$2y$12$Lu7ay2L/PkQmZQk2RmoRgu4.7fSEsIFv5te.vREup1VV3uVJ4kn4S','Alfredo','Leal','Gutierrez',1,1,3,'Alfredo Leal Gutierrez',0),(21,'maritza','$2y$12$Ba6XozklPualE6cIEKtKbuqc4s6zAOYXz7h8GrY8nc3w84YbQpcuS','Maritza','Sánchez','Hernández',1,1,3,'Maritza Sánchez Hernández',0),(22,'edopro','$2y$12$x4BslWlAti6jiPl9sZNqk.FqV2mAH4P4cd66TYfWBBPWs8kjdr1Q6','Laritza','Castillo','Ramírez',1,1,3,'Laritza Castillo Ramírez',0),(23,'sonia','$2y$12$z6oX2WXLO1OBLTncv99.gus3I6zrfRT8Ia21S8SoEAQe79Jr3MYca','Sonia','Bess','Constantén',1,1,4,'Sonia Bess Constantén',0),(24,'isnell','$2y$12$ttjp1l9sHvcmeXrWl2BSDedGoGRO9yS5Fao5OgMBFoaJIQDS.ph4S','Ismell','Alonso','Alomá',1,1,4,'Ismell Alonso Alomá',0),(25,'lourdes','$2y$12$0xtabxdyW4HjlTNN09Uj.eBmGe2wMf48yhKEBx40OfQe.yRnKnDee','Lourdes','Suárez','Suárez',1,1,4,'Lourdes Suárez Suárez',0),(26,'rauldiaz','$2y$12$.DR7lHltfJFBVg2HNTTpzOx3jpIeSJfN4nEv.aBuePtxDEBL1Fh9W','Raúl','Díaz','Rodríguez',1,1,4,'Raúl Díaz Rodríguez',0),(27,'rosarys','$2y$12$jPCsDRP/8yCsFLO6X95yu.xLZgXO9xodXhuWF8CLBi/A89g.71qnW','María Rosarys','Martínez','Romero',1,1,4,'María Rosarys Martínez Romero',0),(28,'inalvis','$2y$12$91NsDPFO6hpR63FrMDOCBu/8z.VqACCQi8yhHOk2MxfNFQRJjIp/2','Inalvis','Deville','Senen',1,1,4,'Inalvis Deville Senen',0),(33,'edelsi','$2y$12$YuNshJr5ZlfsG696/yoGVe2TY/pn7AvRNwMeidwtPQlLC2WQDTpvW','Edelsi','Zamora','Bejerano',1,1,3,'Edelsi Zamora Bejerano',0),(34,'yoel','$2y$12$xgn8LR81fPKUUsTEdn3ob.IDXL37yZbafPRwDgwKjvaCw5NWNhA.u','Yoel','Marín','Justo',1,1,3,'Yoel Marín Justo',0),(35,'miguelangel','$2y$12$OBmu9Gvp6XPIot66jL.5UOqRXNsBUZQYK8wBiMqrmdFMbDoL9bJ9O','Miguel Angel','Cabrera','Barreto',1,1,3,'Miguel Angel Cabrera Barreto',0),(36,'yamile','$2y$12$3xtePcuTYdBhctqDW.pvPeMScGv0rmh8xiPH8hZAaStl0YxhnnKTW','Yamile','Machado','Solano',0,1,3,'Yamile Machado Solano',0),(37,'maylen','$2y$12$cGVW/ErhBvxuE5ZOAjTtdehUVdU62AoA3zpQl0C6lu61l84xGhTB6','Maylen','Pérez','Chi',0,1,3,'Maylen Pérez Chi',0),(38,'alina','$2y$12$qmCiFxWXbLn1XroOS3wVXe/hZQ8BHz9NY7c4x6rC5e.E/p4G4sqXK','Alina','Martínez','Rodríguez',1,1,4,'Alina Martínez Rodríguez',0),(39,'neptaly','$2y$12$tikjDERdyPeHGIKXQCV9xevcOeYkodmcNU/rXWQjANbqwXY0d5U6.','Neptaly','Péres','Moreno',1,1,3,'Neptaly Péres Moreno',0),(40,'norisley','$2y$12$ZQ/UHBpkbSlBv0w6YW4fTOWQXALtO6IiSzPGrLXGHHz3FAwA2WJ9a','Norisley','Morejón','Concepción',1,1,3,'Norisley Morejón Concepción',0),(41,'isel','$2y$12$KHjaukHCNhSM.U5LxGdDuufEtzoH62wTFgCL4qA/26LG5pL8X4JIK','Isel','Quintero','Gómez',1,1,3,'Isel Quintero Gómez',0),(43,'amarigar','$2y$12$kmmIYD7OgJF4gKQATJC4we/PEVhoeNG1MBpwHe89p2Hn7hoQZORLS','Amarilis','Garcia','Rodriguez',1,1,3,'Amarilis Garcia Rodriguez',0),(44,'anairis','$2y$12$11k.BVqadCTD9JczAqlmTeAtwXZ1dX/xkrCC6uAOe2filZ1S7inJW','Ana Iris','Frias','Martinez',1,1,3,'Ana Iris Frias Martinez',0),(45,'marlenis','$2y$12$a0zEYUtqk.eGOjykQieswe3HecqbCl16JgJOIL8.6cuv9bMyq9BXO','Marlenis','Gonzalez','Chile',0,1,3,'Marlenis Gonzalez Chile',0),(46,'raquel','$2y$12$ll6V.zkTYFuXZNEsNOXsb.4GlPr.uKndURJfcDNOJ5S2nc2Pj.Xc.','Raquel Maria','Cubertier','Chaviano',1,1,3,'Raquel Maria Cubertier Chaviano',0),(47,'mariselda','$2y$12$YD839ZHnU5usPG/LiP.6pOBYFkr.svR8TnilNSIZDezkpJnDXs54u','Mariselda','Hernández','Cutiño',1,1,3,'Mariselda Hernández Cutiño',0),(48,'ruben','$2y$12$YB9upfIaINRDtOP0f8Kh6elsz8k7iNJajTkrw8eiaOdxbx7XxJie.','Rubén','Hernández','Medina',1,1,3,'Rubén Hernández Medina',0),(49,'jesushs','$2y$12$D7X03QV4VyiACtGWTcxA5.BDGlcr57/tESNhJSHYv6oJinkPxoCd.','Jesús Joel','Hernández','Suarez',1,1,3,'Jesús Joel Hernández Suarez',0),(50,'sandra','$2y$12$xgqDarTyweUYavxzwYFTiOon6zZebp3vzCv4sOTFIciy20uMGVBw2','Sandra','Dominguez','Cespedes',1,1,3,'Sandra Dominguez Cespedes',0),(51,'reglaga','$2y$12$4uUKlA3U.c2m5OExSpHhg.r1fgCyCT0hFEDojIZ8cQLPuyJUYplRS','Regla','Garcia','Acosta',1,1,3,'Regla Garcia Acosta',0),(52,' Lumey','$2y$12$lFm6kDU4ObGzzg1uEu/MSuij7pi9D1Qr/VW/NYEwziuj.eMo7VX0e',' Lumey','Mesa','Rodriguez',1,1,3,' Lumey Mesa Rodriguez',0),(53,'zenaida','$2y$12$HxXP/yhHlehxCKGFE8rZM..VYOxTw7fEfM2MllfbD1JeD6axzhfk.','Zenaida','Toranzo','Collado',1,1,3,'Zenaida Toranzo Collado',1),(54,'tahislen','$2y$12$fbeO4QGcLjQPO0J/rlHi9uboamQk0vw/QyTVn4zMJvQCHad6anDO2','Tahislen','Pérez','Samon',1,1,3,'Tahislen Pérez Samon',0),(55,'marjoris','$2y$12$D1EzE5XO.dh6Bxixrkud.enFJDWIEOw8KfJyOq3npVsxPspNj5DSu','Marjoris','Mengana','González',1,1,3,'Marjoris Mengana González',0),(56,'barbarita','$2y$12$IL6L.XE4EDOg6VaOvRhzG.Ma/ZngCcTmk6oB/FhhlNAjEiu4wxm8y',' Barbarita','Bongo','Duany',1,1,3,' Barbarita Bongo Duany',0),(57,'susana','$2y$12$hI.yqBuppkBxhjzo9sToouAb2kwE1lQx1ygCXpntD87lP0v5njmk2','Susana','Barroto','Barroto',1,1,4,'Susana Barroto Barroto',0),(58,'isis','$2y$12$hzv4fv3xhHZ18DXwOLGkDut7hhC./KX7CdSTmGYgUWbaGUuSVJLPe','Isis','Casanova','López',1,1,2,'Isis Casanova López',0),(59,'zoni','$2y$12$CQ8.fMsd3WQWuy7LuxyiyePw5bkP/gJl6PcHxLlJd6GtEAmW9XL4y','Zoni','Espinosa','Reyes',1,1,2,'Zoni Espinosa Reyes',0),(60,'Karina','$2y$12$Dgk8r8vRLOeNgZfhPgpOkeZir.Ln/g7NUTV2BDACVQ7mut3cQmIjG','Karina','Heredia','Aguilera',1,1,2,'Karina Heredia Aguilera',0),(61,'melanea','$2y$12$DfvJHUD76Y7bVTesnZodEedBHj0i7dQ5WAIbNRgoVzzCmO5KWtKyq','Melanea','Medina','Sánchez',1,1,3,'Melanea Medina Sánchez',0),(62,'georgina','$2y$12$LuH0O2R4PTlc/JEgQveH2earpayH0ez3tpiCq3k6d.IWrP6i5fPsm','Georgina','Garzón','Morales',1,1,3,'Georgina Garzón Morales',0),(63,'joseramon','$2y$12$u9PX3144D.hruB9clsrjtelGGn0fixkhdUfIkQDS7LSQZ9ij01C9G','José Ramón','Guillen','Guillán',0,1,3,'José Ramón Guillen Guillán',0),(64,'adilys','$2y$12$3yQ/1NtZ8eCAjD4d9nlOH.eeu.PatyCUNnTJA93/hlnPiD3hTpEj.','Adilys','Alvarez','Cruz',1,1,3,'Adilys Alvarez Cruz',0),(65,'jesus','$2y$12$B3zr0nloxzlHbrXTgvLRfOjFupDjrp9/bnhodU2irOgo8Wv2DyUdi','Jesus','Hernandez','Suarez',0,1,3,'Jesus Hernandez Suarez',0),(66,'martha','$2y$12$uz/4HAEamERmmI/oYxvwz.JbqbQfMt3kbpiFQXjxfD624oKO9CWCa','Martha ','Polo ','Lezcaille',1,1,3,'Martha  Polo  Lezcaille',0),(67,'TB-LTU','$2y$12$K.eYSlzIOFz2Te6mKWkm4uGQ4uftEX6dkHbv1NrTz9MTbiN0GrnHW','Daylenis ','Hernández ','Ávila ',0,1,3,'Daylenis  Hernández  Ávila ',0),(68,'mariela','$2y$12$GHeiJap5QtTl2xaVd8zdZeXdaCn5GxfFB6Beg0j52qd3awlu32a56','Mariela ','Calzadilla ','Portelles  ',1,1,3,'Mariela  Calzadilla  Portelles  ',0),(69,'TB- DPS','$2y$12$wrVAv4A/ts6Kq02KtJpKjunxk1GP15QKTBqnGy2mICcMncaDpyHQW','Yoanny ','Mendoza ','Font',1,1,3,'Yoanny  Mendoza  Font',0),(70,'anairisvj','$2y$12$dVUdx5bNSxyeqqtC2ctTceK3n0kYVdRxVs5BhVfncpANugU89g0EW','Ana Iris ','Verdecia ','Jiménez',1,1,3,'Ana Iris  Verdecia  Jiménez',0),(71,'judith','$2y$12$l3zC5sKCzZuidgiVYIQowOULAROjw.XCD9JUvMVQeajMhoHJ3/jIS','Judith','Hernández','Gómez',0,1,2,'Judith Hernández Gómez',0),(72,'manuelpc','$2y$12$DG.ClEnZz70he03Qx449nu6V2EvW57cxIVKCPfGY5F4Lu1KAVbHOa','Manuel','Piñera','Cera',0,1,2,'Manuel Piñera Cera',0),(73,'caridad','$2y$12$CEP2/mKCdA37ZozaRSH6wultx1c3lkolebLFjFuFGs2qtovKOzL/.','caridad','moran','toribio',0,1,1,'caridad moran toribio',0),(76,'omari','$2y$12$GAhl3j4lsAsiiU/9.WX/hOWaNi/5dV7w7KBxVUvG8yaAyikTH0XKm','omari','peñalver','moran',0,1,1,'omari peñalver moran',0),(77,'raudell','$2y$12$Xq1H6mhO7QHk0Qx16.2h3uqmVMGhyIu6aMwbuJuspDYTS2WdDpiLG','mireyvis','escobar','perdigon',0,1,1,'mireyvis escobar perdigon',0),(78,'zoyma','$2y$12$opv5fsXf80Sal3M6L7Bi9OAB8sMREz7sezalpkGA1inFbEhuw3HoK','zoe','castell','medina',0,1,1,'zoe castell medina',0),(79,'yamila','$2y$12$SynCUTHGaCsR4dXiGjyZDOU12QABT..XUGysul.80hHgjeO7JtCSa','Yamila ','Llerena ','Díaz',1,1,3,'Yamila  Llerena  Díaz',0),(80,'yunio ','$2y$12$3jQRSfmMefpOjefEwClODee2rO.UXS4w53IYG1hz.d8fkaYaGNWBK','Yunio ','Fernández ','Barroso ',0,1,3,'Yunio  Fernández  Barroso ',0),(81,'marisol','$2y$12$vDilKCvaFHJfs6kMNcEeAeFYjbHaDOxKRT7UMlcyt4sCSQwd1mCKW','Marisol','Benet','Garcia',1,1,3,'Marisol Benet Garcia',0),(82,'odilia','$2y$12$metOs8ZsIJ0Uj7/p3dSew.RsqlJHb5Hy8Ja0v968pRFxEbziToZIi','Odilia','Ramirez','Lores',1,1,3,'Odilia Ramirez Lores',0),(83,'katiuska','$2y$12$lFRYO9Alw2nYgMR2sb7lUulCDz3B9SFfOcBTd3JmY907leOcHmxji','KATIUSKA','ARBONA','PEREZ',1,1,3,'KATIUSKA ARBONA PEREZ',0),(84,'liliam','$2y$12$KBzH/3i5rOzVQLgSiGqolO9u28aA6HT5xj8yG2LmQHb1nEzwIUpg2','Liliam Minerva','Gonzalez','Molina',1,1,3,'Liliam Minerva Gonzalez Molina',0),(85,'isabel','$2y$12$GutA63Do6ZM7yANLV/.Q7.UTnLI.3l/aN6vJg6DU73OMuivC1Q1Ie','Isabel','Escalona','Pérez',1,1,3,'Isabel Escalona Pérez',0),(86,'rosamaria','$2y$12$VLbByj48r8pv.UjFn43m7uEHsCIPMH2yFuR4XfTm68s9BIaYa0e3W','Rosa María','Estefano ','Rodríguez',1,1,3,'Rosa María Estefano  Rodríguez',0),(87,'adriana','$2y$12$EKQc4l9HigL.0UxiaH9LvOjSewGhJe5OwnTgUZXaH/VovcNM8dhVC','Adriana','León','Castro ',1,1,3,'Adriana León Castro ',0),(88,'marilyn','$2y$12$MGGbEIKCOZ63UhGh6gWtkue4mITiSCiO5fB0E7YyY1vEGA1MC7lBW','Marilyn','Chongon','Peña',0,1,3,'Marilyn Chongon Peña',0),(89,'miviala','$2y$12$Cv0I3W44ja4olflZrrGL8ueaX0FBvTKVohGApwcxH.6YqvCQYYLfO','Miviala','Preval','Pérez',1,1,3,'Miviala Preval Pérez',0),(90,'betzi','$2y$12$8LLHeDZfr/NnHKk8k8jYgOzz3KFbhqEpnLnhyfXH7cH.epb56Bh6W','Betzi','Donatie','Gonzalez',1,1,3,'Betzi Donatie Gonzalez',0),(91,'yolanda','$2y$12$TPsQv.mdVtRGEiTCTzylOuiZQO9E24N5vDC2Sfk81a87OUW46vJ76','Yolanda','Pestana','Ramirez',1,1,3,'Yolanda Pestana Ramirez',0),(92,'dihadenys','$2y$12$ck.ifVRknHD9DnLYIHkllOg63biP6Lf4OnT.md.NHgj2oDu3/wegW','Dihadenys','Lemus','Molina',1,1,4,'Dihadenys Lemus Molina',0),(93,'dixiana','$2y$12$jvPtbmkQ.BXoBm37X1ozcOi/HkHvJA3Ov8ElJ/xjGPNeLCewVDyyy','Dixiana','Alfonso','Rodriguez',1,1,3,'Dixiana Alfonso Rodriguez',0),(94,'victor','$2y$12$6iNhxHWn.wKh0/UUh5uMR.J1knGWWwTcOFdUoJfBL5ysoGlJIW0Vy','Victor Manuel','Sanchez','Arteaga',1,1,3,'Victor Manuel Sanchez Arteaga',1),(95,'maidelys ','$2y$12$.QHr3mVPhYqgVRpTq4CWSebjTPxX6URF2/MLx5vvzZmI0C1.i1dXO','MAIDELYS','MENDOZA','ACOSTA',1,1,3,'MAIDELYS MENDOZA ACOSTA',0),(99,'isidro','$2y$12$Ep.WCmjJiJMFkQDzE97jq.LlP.v88cjPubPpJ51MUDXMs0tUFCkaO','Isidro','Curbelo','Machado',1,1,3,'Isidro Curbelo Machado',0),(100,'adrianav','$2y$12$xsYrVUcnpRbF0oTTSFQwhuYuoglo7Q1KWRnAFT.HOf78aUJzsuFoW','Adriana',' Valdez',' Vargas',1,1,3,'Adriana  Valdez  Vargas',0),(101,'mabel.sulay','$2y$12$v9nixeLIon55NuTwFvboVe8cgqfSo/svy3BWNyuCqhGrIVbSFbhlW','Mabel Sulay Roxana','Castillo','Mompie',1,2,4,'Mabel Sulay Roxana Castillo Mompie',0),(102,'aaaa','$2y$12$zcG3Wju7PaQ8zfucQ4UYyuLnKj4q2bKAJhglWaHQrVmax4TkCLTjK','Yanelis','Castillo','QA',0,2,2,'Yanelis Castillo QA',0),(103,'alanvip','$2y$12$jF1QMZ20fWBrIYu7ovP57OTlbjNQFt8QEz4O3NWwssDLyvsp0XEZ.','Alan','DIAZ','Mompie',1,2,4,'Alan DIAZ Mompie',0),(104,'yanelis.administrador','$2y$12$kvyVzY2Tguy3Yq5HLOvE4uTvl6y7.ll03LQgXAGQzb3oEU9S3D3NG','Yanelis','QA','Administrador',1,1,4,'Yanelis QA Administrador',0);
/*!40000 ALTER TABLE `usuario` ENABLE KEYS */;
UNLOCK TABLES;

--
-- Table structure for table `usuario_role`
--

DROP TABLE IF EXISTS `usuario_role`;
/*!40101 SET @saved_cs_client     = @@character_set_client */;
/*!40101 SET character_set_client = utf8 */;
CREATE TABLE `usuario_role` (
  `usuario_id` int(11) NOT NULL,
  `role_id` int(11) NOT NULL,
  PRIMARY KEY (`usuario_id`,`role_id`),
  KEY `IDX_3E13F07ADB38439E` (`usuario_id`),
  KEY `IDX_3E13F07AD60322AC` (`role_id`),
  CONSTRAINT `FK_3E13F07AD60322AC` FOREIGN KEY (`role_id`) REFERENCES `role` (`id`),
  CONSTRAINT `FK_3E13F07ADB38439E` FOREIGN KEY (`usuario_id`) REFERENCES `usuario` (`id`)
) ENGINE=InnoDB DEFAULT CHARSET=utf8 COLLATE=utf8_unicode_ci;
/*!40101 SET character_set_client = @saved_cs_client */;

--
-- Dumping data for table `usuario_role`
--

LOCK TABLES `usuario_role` WRITE;
/*!40000 ALTER TABLE `usuario_role` DISABLE KEYS */;
INSERT INTO `usuario_role` VALUES (1,1),(2,3),(2,4),(4,4),(4,5),(5,4),(6,4),(13,4),(14,3),(53,3),(94,5),(101,3),(102,3),(102,4),(103,3),(104,2);
/*!40000 ALTER TABLE `usuario_role` ENABLE KEYS */;
UNLOCK TABLES;
/*!40103 SET TIME_ZONE=@OLD_TIME_ZONE */;

/*!40101 SET SQL_MODE=@OLD_SQL_MODE */;
/*!40014 SET FOREIGN_KEY_CHECKS=@OLD_FOREIGN_KEY_CHECKS */;
/*!40014 SET UNIQUE_CHECKS=@OLD_UNIQUE_CHECKS */;
/*!40101 SET CHARACTER_SET_CLIENT=@OLD_CHARACTER_SET_CLIENT */;
/*!40101 SET CHARACTER_SET_RESULTS=@OLD_CHARACTER_SET_RESULTS */;
/*!40101 SET COLLATION_CONNECTION=@OLD_COLLATION_CONNECTION */;
/*!40111 SET SQL_NOTES=@OLD_SQL_NOTES */;

-- Dump completed on 2023-01-04 23:49:18
